type,role,mac,rssi,rate,sig_mode,mcs,bandwidth,smoothing,not_sounding,aggregation,stbc,fec_coding,sgi,noise_floor,ampdu_cnt,channel,secondary_channel,local_timestamp,ant,sig_len,rx_state,real_time_set,real_timestamp,len,CSI_DATA
CSI_DATA,AP,8C:4F:00:2D:7E:D4,-82,11,0,0,0,0,0,0,0,0,0,-96,0,6,1,2109073,0,157,0,0,2.49997,128,[-99 -48 9 0 0 0 0 0 0 0 0 0 -35 58 -33 58 -29 55 -27 56 -23 50 -26 48 -25 46 -19 41 -22 33 -14 40 -22 40 -7 43 -18 50 -11 35 -12 38 -24 34 2 30 -8 39 -5 31 9 48 -14 12 -12 22 7 27 13 30 -19 30 0 26 0 0 4 29 1 38 -6 23 9 16 4 23 15 28 -8 12 5 11 6 15 0 20 -6 10 -6 9 5 9 -6 13 -9 11 -7 7 -7 0 -3 0 -7 -2 -13 -4 -18 -4 -17 -4 -20 -4 -16 -6 -19 -9 -23 -8 0 0 0 0 0 0 0 0 0 0 ]
CSI_DATA,AP,8C:4F:00:2D:7E:D4,-89,11,1,1,1,1,1,0,0,0,0,-96,0,6,1,2180112,0,390,0,0,2.5706,384,[-122 -31 23 0 0 0 0 0 0 0 0 0 9 5 9 7 7 4 5 5 6 6 4 4 4 4 4 3 4 4 4 4 5 3 4 3 3 4 3 5 4 4 4 3 2 3 3 3 2 3 3 1 4 4 2 4 2 5 3 1 3 3 3 2 0 0 1 2 2 2 3 1 0 1 2 1 0 2 0 2 0 1 1 0 1 -1 0 -1 0 1 1 -1 1 -2 2 -2 -1 -2 0 -1 2 -3 -1 -2 0 -2 0 -4 0 -2 2 -3 1 -3 2 -4 2 -5 0 0 0 0 0 0 0 0 0 0 ]
CSI_DATA,AP,8C:4F:00:2D:7E:D4,-88,11,1,1,1,1,1,0,0,0,0,-95,0,6,1,4886515,0,157,0,0,5.27707,384,[-99 -48 9 0 0 0 0 0 0 0 0 0 -1 -17 -2 -15 -1 -12 -3 -11 0 -14 -1 -11 1 -11 1 -11 2 -12 -2 -8 -1 -11 -3 -6 -3 -8 1 -10 -1 -9 1 -10 2 -8 -1 -6 0 -10 2 -6 1 -8 2 -9 4 -6 2 -7 1 -6 1 -6 0 0 2 -5 -2 -6 1 -4 1 -3 2 -6 1 -7 -1 -3 2 -6 -1 -3 -2 -5 -4 -5 -1 -2 0 -5 -3 -3 -2 -2 0 -1 -3 0 -2 0 -5 2 -4 -3 -3 0 -6 -1 -4 -3 -5 0 -5 -1 -6 1 0 0 0 0 0 0 0 0 0 0 ]
CSI_DATA,AP,8C:4F:00:2D:7E:D4,-85,11,1,1,1,1,1,0,0,0,0,-95,0,6,1,4935478,0,135,0,0,5.32583,384,[-121 112 8 0 0 0 0 0 0 0 0 0 -9 10 -8 6 -5 6 -8 13 -5 3 -5 8 -1 9 -7 6 -7 9 -5 8 0 8 -5 7 -6 8 -2 10 -4 8 -4 8 -5 12 -5 8 -2 8 -4 8 -7 12 -4 5 -2 6 -2 7 -2 6 -2 6 0 0 0 7 2 8 -1 8 0 4 -1 7 0 4 -1 6 0 2 0 11 2 -3 4 2 2 6 1 4 5 0 3 3 2 0 0 3 1 0 6 -1 -2 0 0 -2 3 -5 2 -7 2 -3 4 -4 3 -3 0 0 0 0 0 0 0 0 0 0 ]
CSI_DATA,AP,8C:4F:00:2D:7E:D4,-85,11,1,1,1,1,1,0,0,0,0,-95,0,6,1,5103950,0,390,0,0,5.49429,384,[-122 -31 23 0 0 0 0 0 0 0 0 0 -12 -16 -11 -11 -12 -14 -11 -12 -11 -13 -12 -12 -11 -13 -8 -12 -8 -14 -8 -11 -4 -10 -9 -9 -9 -11 -6 -12 -7 -9 -6 -10 -7 -10 -8 -9 -7 -8 -7 -11 -6 -9 -6 -11 -5 -6 -5 -4 -3 -7 -5 -6 0 0 -5 -8 -5 -9 -7 -6 -3 -4 -7 -7 -8 -4 -1 -6 -2 -3 -3 -4 -4 -2 -4 -3 -2 -6 -4 -5 -1 -4 -2 -3 -1 -3 0 -5 0 -3 -2 -4 0 -6 0 -3 3 -2 2 -3 0 -3 2 -3 -1 -3 0 0 0 0 0 0 0 0 0 0 ]
CSI_DATA,AP,8C:4F:00:2D:7E:D4,-83,11,1,1,1,1,1,0,0,0,0,-95,0,6,1,5158917,0,390,0,0,5.5491,384,[-122 -31 23 0 0 0 0 0 0 0 0 0 12 9 11 11 13 14 11 11 10 10 10 11 12 11 10 7 9 9 8 11 10 9 8 10 9 10 8 10 12 9 8 8 7 8 9 7 8 9 10 7 6 7 9 6 4 7 8 9 8 5 9 7 0 0 6 8 6 6 5 3 5 5 4 8 5 5 6 5 7 6 2 6 3 3 6 3 4 4 1 7 1 6 5 6 3 2 2 5 1 3 1 3 2 4 -3 3 0 5 0 2 -2 5 0 5 -3 4 0 0 0 0 0 0 0 0 0 0 ]
CSI_DATA,AP,8C:4F:00:2D:7E:D4,-85,11,1,1,1,1,1,0,0,0,0,-95,0,6,1,5204951,0,82,0,0,5.59497,384,[82 -96 4 0 0 0 0 0 0 0 0 0 -6 13 -5 13 -4 13 -4 13 -5 13 -4 13 -4 12 -5 10 -5 12 -5 10 -6 12 -3 9 -5 11 -6 10 -2 11 -5 9 -4 10 -1 10 -3 11 -2 8 -1 9 -3 9 -2 10 -3 9 -3 8 -3 7 0 0 -1 10 2 11 -3 7 0 9 0 9 -1 6 -3 5 -2 7 0 5 -3 7 -4 6 -2 6 -2 7 -3 3 -2 1 -1 2 -4 3 -4 2 -4 4 -4 1 -3 2 -4 0 -3 -2 -4 0 -3 -1 -4 -4 0 0 0 0 0 0 0 0 0 0 ]
CSI_DATA,AP,8C:4F:00:2D:7E:D4,-85,11,1,1,1,1,1,0,0,0,0,-95,0,6,1,5602002,0,82,0,0,5.99211,384,[82 -96 4 0 0 0 0 0 0 0 0 0 15 -6 21 -5 18 -8 16 -6 16 -2 15 -3 16 -4 14 -7 15 -5 15 -5 14 -4 15 -4 14 -5 13 -4 12 -5 9 -6 11 -4 12 -8 10 -7 8 -2 9 -7 8 -3 9 -3 9 -4 11 -5 9 -4 0 0 8 -4 6 -2 8 0 8 -1 6 -2 8 -4 6 -3 7 -5 5 -4 6 -4 2 -4 6 -3 4 -3 6 -1 6 0 4 -3 2 1 3 2 2 0 3 3 2 3 3 2 3 0 3 0 0 5 -1 5 0 0 0 0 0 0 0 0 0 0 ]
CSI_DATA,AP,8C:4F:00:2D:7E:D4,-86,11,1,1,1,1,1,0,0,0,0,-95,0,6,1,5607529,0,82,0,0,6.01953,384,[82 -96 4 0 0 0 0 0 0 0 0 0 -9 -16 -10 -16 -7 -14 -5 -16 -6 -16 -5 -18 -8 -14 -7 -13 -4 -12 -7 -13 -4 -15 -7 -14 -7 -11 -8 -12 -5 -12 -6 -8 -7 -10 -10 -14 -9 -12 -5 -10 -6 -8 -4 -8 -8 -8 -7 -10 -8 -7 -6 -8 0 0 -8 -7 -8 -10 -7 -8 -10 -2 -5 -4 -4 -5 -5 -4 -7 -6 -7 -5 -5 -4 -4 -4 -3 -5 -4 -6 -2 -4 -3 -4 -4 -3 -1 -5 -2 -7 -1 -1 -2 -2 1 -5 1 -3 -1 -1 1 -4 2 -4 5 -2 0 0 0 0 0 0 0 0 0 0 ]
CSI_DATA,AP,8C:4F:00:2D:7E:D4,-84,11,1,1,1,1,1,0,0,0,0,-95,0,6,1,5607894,0,82,0,0,6.06113,384,[82 -96 4 0 0 0 0 0 0 0 0 0 -11 11 -12 13 -9 12 -8 11 -11 10 -8 11 -8 9 -9 9 -9 10 -11 7 -11 8 -9 9 -10 8 -8 10 -9 9 -9 5 -7 8 -7 6 -7 8 -7 9 -5 7 -6 8 -7 4 -6 7 -5 7 -6 7 0 0 -5 5 -6 4 -6 3 -4 4 -6 4 -7 4 -5 4 -3 5 -5 1 -4 2 -3 1 -6 6 -4 3 -2 2 -3 1 -4 2 -3 0 -3 1 -5 -1 -4 -3 -3 0 -2 0 -2 -5 -4 -3 -6 -4 -4 -5 0 0 0 0 0 0 0 0 0 0 ]
CSI_DATA,AP,8C:4F:00:2D:7E:D4,-85,11,1,1,1,1,1,0,0,0,0,-95,0,6,1,6103799,0,82,0,0,6.49394,384,[82 -96 4 0 0 0 0 0 0 0 0 0 -24 -1 -20 -1 -23 2 -20 -2 -19 2 -21 -2 -19 1 -19 3 -19 -1 -16 0 -20 3 -18 0 -17 1 -14 0 -16 0 -14 1 -16 2 -12 0 -12 0 -12 1 -13 4 -13 2 -12 3 -11 5 -13 3 -13 1 0 0 -8 4 -9 1 -11 5 -10 4 -10 4 -8 2 -10 2 -9 5 -7 -1 -8 0 -7 5 -6 3 -8 3 -9 4 -6 1 -8 2 -6 0 -5 0 -6 0 -8 -1 -5 -2 -5 -1 -5 -4 -5 0 -3 1 -8 -2 0 0 0 0 0 0 0 0 0 0 ]
CSI_DATA,AP,8C:4F:00:2D:7E:D4,-83,11,1,1,1,1,1,0,0,0,0,-95,0,6,1,6602275,0,82,0,0,6.9924,384,[82 -96 4 0 0 0 0 0 0 0 0 0 -9 16 -8 16 -8 18 -7 18 -9 18 -9 15 -10 13 -9 13 -7 14 -8 11 -3 12 -7 11 -6 13 -8 15 -6 12 -4 12 -6 11 -6 12 -6 11 -4 12 -5 10 -4 10 -4 9 -4 11 -5 10 -5 10 0 0 -7 8 -4 10 -2 6 -3 8 -4 7 -3 8 -5 8 -3 6 -5 7 -2 6 -3 6 -4 7 -1 6 -3 5 -3 4 -4 5 -5 3 -3 4 -7 5 -6 5 -2 2 -7 4 -8 5 -7 -1 -7 2 -6 2 0 0 0 0 0 0 0 0 0 0 ]
CSI_DATA,AP,8C:4F:00:2D:7E:D4,-85,11,1,1,1,1,1,0,0,0,0,-95,0,6,1,6844075,0,82,0,0,7.23421,384,[82 -96 4 0 0 0 0 0 0 0 0 0 -12 12 -11 17 -13 10 -10 11 -11 11 -12 13 -10 12 -10 9 -9 11 -7 10 -9 12 -9 11 -7 9 -7 9 -5 12 -5 8 -7 9 -4 4 -2 8 -5 11 -3 7 -2 9 -5 11 0 9 -5 9 -4 10 0 0 -1 6 -1 8 -5 6 -4 6 -2 5 -2 5 -3 6 -3 6 -2 5 -1 4 -2 5 -4 4 -2 3 -1 6 -6 4 0 5 -4 5 -1 4 -4 4 -3 3 -4 5 -6 5 -5 2 -4 6 -3 5 -6 4 0 0 0 0 0 0 0 0 0 0 ]
CSI_DATA,AP,8C:4F:00:2D:7E:D4,-80,11,0,0,0,0,0,0,0,0,0,-95,0,6,1,6882055,0,37,0,0,7.27229,128,[37 80 2 0 0 0 0 0 0 0 0 0 33 -27 30 -20 33 -25 31 -22 31 -21 28 -20 25 -23 25 -21 24 -18 21 -15 23 -19 23 -18 19 -16 16 -16 19 -15 18 -19 17 -16 15 -17 17 -14 12 -15 13 -16 9 -13 10 -14 10 -13 12 -12 11 -12 0 0 10 -10 9 -13 11 -10 9 -11 5 -14 8 -9 6 -10 9 -6 6 -9 8 -9 7 -8 9 -9 8 -9 8 -4 11 -8 9 -5 11 -6 13 -6 12 -3 13 -5 13 -5 16 -5 15 -2 16 -4 14 -4 16 -3 0 0 0 0 0 0 0 0 0 0 ]
CSI_DATA,AP,8C:4F:00:2D:7E:D4,-80,11,0,0,0,0,0,0,0,0,0,-95,0,6,1,6892872,0,37,0,0,7.30668,128,[37 80 2 0 0 0 0 0 0 0 0 0 -11 38 -8 39 -9 39 -8 40 -10 35 -11 33 -9 33 -7 29 -6 30 -6 24 -9 24 -6 26 -7 26 -5 25 -8 20 -2 27 -3 25 -5 20 -1 22 -3 20 -2 17 -4 22 -4 16 -5 16 -5 17 -3 17 0 0 -1 16 -2 14 0 16 -1 11 -3 13 -2 11 -3 12 -5 10 -3 12 -5 11 -6 9 -6 7 -7 7 -6 7 -9 7 -7 11 -7 11 -9 9 -9 7 -9 8 -11 6 -11 7 -11 7 -13 8 -14 7 -13 8 0 0 0 0 0 0 0 0 0 0 ]
CSI_DATA,AP,8C:4F:00:2D:7E:D4,-84,11,1,1,1,1,1,0,0,0,0,-95,0,6,1,6907062,0,84,0,0,7.34583,384,[84 -64 4 0 0 0 0 0 0 0 0 0 -18 2 -18 3 -18 2 -18 1 -18 0 -16 -1 -14 1 -13 3 -13 1 -13 -1 -14 3 -11 1 -12 5 -12 1 -12 1 -10 -1 -11 3 -8 3 -9 3 -7 3 -10 3 -8 1 -7 4 -8 2 -8 2 -5 3 0 0 -5 3 -8 4 -7 3 -8 2 -4 2 -4 1 -2 2 -4 1 -6 0 -6 -1 -2 -1 -4 2 -5 -1 -6 0 -7 -2 -6 1 -6 0 -4 1 -6 -1 -6 0 -7 -1 -9 -1 -6 -3 -10 -3 -10 -3 -8 -2 0 0 0 0 0 0 0 0 0 0 ]
CSI_DATA,AP,8C:4F:00:2D:7E:D4,-84,11,1,1,1,1,1,0,0,0,0,-95,0,6,1,6907525,0,84,0,0,7.38429,384,[84 -64 4 0 0 0 0 0 0 0 0 0 -19 -3 -17 -1 -17 -2 -16 -3 -16 -3 -17 -2 -12 -2 -14 -5 -12 -5 -14 -3 -13 -2 -14 -2 -14 -4 -10 -3 -15 -2 -11 -1 -9 -2 -10 -2 -6 -3 -7 -2 -9 -3 -11 -3 -6 -3 -7 -3 -10 -4 -11 -2 0 0 -7 -2 -7 -5 -6 -3 -7 -1 -5 -3 -4 -3 -3 -2 -7 -3 -3 -4 -5 -3 -5 -3 -5 -5 -2 -4 -3 -5 -3 -4 -1 -7 -5 -6 -3 -5 -2 -5 -2 -4 -1 -7 -2 -5 0 -7 1 -8 -3 -8 -3 -7 0 0 0 0 0 0 0 0 0 0 ]
CSI_DATA,AP,8C:4F:00:2D:7E:D4,-85,11,1,1,1,1,1,0,0,0,0,-95,0,6,1,6907955,0,84,0,0,7.42586,384,[84 -64 4 0 0 0 0 0 0 0 0 0 -3 -16 -1 -15 -1 -19 -3 -16 -3 -15 -2 -14 -1 -13 -1 -12 0 -12 -2 -12 -2 -12 -2 -10 -1 -11 0 -13 0 -11 -1 -10 -3 -7 -1 -10 -4 -8 -3 -9 -2 -8 -1 -8 -2 -6 -2 -6 -2 -7 -5 -7 0 0 -2 -8 0 -8 -2 -6 -2 -6 -2 -6 1 -7 0 -6 -1 -6 -2 -6 -1 -4 -1 -5 -3 -4 1 -5 -1 -5 1 -3 0 -4 1 -6 0 -3 0 -6 1 -7 2 -4 3 -7 3 -5 0 -6 3 -6 3 -7 0 0 0 0 0 0 0 0 0 0 ]
CSI_DATA,AP,8C:4F:00:2D:7E:D4,-85,11,1,1,1,1,1,0,0,0,0,-95,0,6,1,6908357,0,84,0,0,7.46575,384,[84 -64 4 0 0 0 0 0 0 0 0 0 -14 -10 -15 -11 -17 -12 -15 -10 -14 -8 -14 -8 -12 -8 -11 -7 -12 -7 -12 -9 -9 -9 -9 -8 -10 -5 -12 -7 -7 -7 -9 -5 -8 -5 -8 -5 -10 -4 -9 -6 -9 -3 -7 -3 -7 -3 -8 -3 -8 -5 -7 -5 0 0 -4 -5 -6 -2 -6 -3 -8 -5 -8 -2 -5 -3 -4 -3 -5 -5 -6 -3 -6 -3 -4 -6 -4 -3 -6 -4 -5 -3 -3 -3 -4 -5 -3 -7 -3 -6 -2 -4 -2 -4 -4 -7 -2 -8 -3 -7 -2 -9 -3 -5 -2 -9 0 0 0 0 0 0 0 0 0 0 ]
CSI_DATA,AP,8C:4F:00:2D:7E:D4,-85,11,1,1,1,1,1,0,0,0,0,-95,0,6,1,6908816,0,84,0,0,7.50722,384,[84 -64 4 0 0 0 0 0 0 0 0 0 16 -9 15 -7 16 -10 17 -9 16 -8 11 -5 13 -7 12 -6 10 -6 12 -4 11 -4 11 -5 9 -6 12 -5 10 -5 7 -5 8 -5 9 -2 8 -8 7 -6 8 -6 7 -5 5 -6 8 -4 9 -6 5 -4 0 0 7 -4 7 -4 6 -3 4 -3 6 -2 6 -2 3 -3 4 -3 5 -1 3 -2 3 -1 5 0 5 -2 3 0 3 0 3 -1 3 -1 5 0 5 0 5 0 4 2 7 -1 6 1 6 4 7 2 5 2 0 0 0 0 0 0 0 0 0 0 ]
CSI_DATA,AP,8C:4F:00:2D:7E:D4,-79,11,0,0,0,0,0,0,0,0,0,-95,0,6,1,6912172,0,84,0,0,7.54306,128,[84 -64 4 0 0 0 0 0 0 0 0 0 -19 -40 -19 -36 -16 -37 -19 -35 -16 -33 -16 -33 -18 -28 -13 -29 -12 -30 -11 -25 -15 -27 -10 -24 -14 -25 -14 -25 -11 -19 -15 -20 -12 -20 -10 -21 -13 -17 -13 -19 -11 -16 -12 -16 -9 -15 -12 -14 -11 -15 -11 -16 0 0 -9 -15 -9 -15 -11 -13 -11 -14 -6 -12 -6 -12 -8 -10 -4 -11 -7 -11 -7 -9 -3 -13 -5 -11 -5 -11 -4 -9 -1 -14 -1 -14 -2 -11 -3 -14 -1 -12 0 -15 1 -13 0 -15 1 -13 2 -17 4 -16 3 -17 0 0 0 0 0 0 0 0 0 0 ]
CSI_DATA,AP,8C:4F:00:2D:7E:D4,-85,11,1,1,1,1,1,0,0,0,0,-95,0,6,1,6912691,0,84,0,0,7.58913,384,[84 -64 4 0 0 0 0 0 0 0 0 0 16 -2 17 -2 18 -2 17 0 17 -5 15 0 14 0 13 -3 13 1 15 -2 11 -2 11 -3 10 -2 11 -2 8 -2 9 -2 9 -3 9 -4 10 -2 8 -4 10 -3 9 -4 8 0 7 -4 9 -3 8 -4 0 0 7 -3 4 -3 6 -3 3 -3 6 -3 8 -2 5 -2 4 -4 5 0 8 -1 4 0 6 -3 6 0 5 -1 2 0 5 0 5 1 6 0 4 -1 4 0 6 0 6 0 5 2 8 1 6 2 5 2 0 0 0 0 0 0 0 0 0 0 ]
CSI_DATA,AP,8C:4F:00:2D:7E:D4,-84,11,1,1,1,1,1,0,0,0,0,-96,0,6,1,7251381,0,84,0,0,7.64165,384,[84 -64 4 0 0 0 0 0 0 0 0 0 -15 2 -18 3 -15 2 -18 3 -13 0 -16 -1 -14 -1 -11 1 -11 3 -10 1 -13 0 -15 2 -12 2 -10 0 -10 2 -11 0 -12 1 -8 2 -9 0 -7 1 -8 1 -9 2 -8 -1 -7 2 -7 0 -9 1 0 0 -9 0 -7 0 -7 2 -6 0 -5 0 -6 -1 -7 0 -5 -1 -5 1 -6 1 -5 -1 -5 1 -5 -1 -4 -1 -2 -4 -6 -4 -5 -2 -6 -3 -5 -3 -5 -4 -7 -3 -5 -3 -4 -5 -6 -5 -4 -5 -5 -5 0 0 0 0 0 0 0 0 0 0 ]
CSI_DATA,AP,8C:4F:00:2D:7E:D4,-84,11,1,1,1,1,1,0,0,0,0,-96,0,6,1,7254882,0,84,0,0,7.67249,384,[84 -64 4 0 0 0 0 0 0 0 0 0 5 19 3 16 4 18 5 15 3 19 3 18 1 15 3 13 4 12 2 11 5 13 2 10 2 10 4 9 2 10 7 14 3 10 4 11 5 7 3 7 5 8 3 6 5 8 4 5 3 6 7 7 0 0 2 3 2 7 4 3 3 6 2 3 5 4 2 4 3 3 4 5 3 4 2 5 4 5 3 4 0 2 3 5 1 6 1 5 -1 6 -1 1 1 5 -1 5 1 5 0 6 1 5 1 7 -2 7 0 0 0 0 0 0 0 0 0 0 ]
CSI_DATA,AP,8C:4F:00:2D:7E:D4,-84,11,1,1,1,1,1,0,0,0,0,-96,0,6,1,7255187,0,84,0,0,7.70525,384,[84 -64 4 0 0 0 0 0 0 0 0 0 -14 7 -14 8 -16 9 -16 7 -15 7 -15 6 -14 4 -14 6 -11 5 -11 4 -11 6 -13 5 -9 4 -12 5 -10 3 -12 7 -9 5 -9 4 -7 5 -9 4 -7 4 -5 4 -6 4 -10 2 -8 4 -6 4 0 0 -6 2 -5 3 -6 4 -5 3 -6 3 -5 2 -4 3 -4 1 -3 3 -3 0 -5 -2 -6 0 -5 -1 -4 2 -5 0 -4 -1 -6 -1 -4 -3 -5 -1 -6 -2 -7 -2 -4 -2 -5 -2 -6 -4 -7 -5 -7 -3 0 0 0 0 0 0 0 0 0 0 ]
CSI_DATA,AP,8C:4F:00:2D:7E:D4,-84,11,1,1,1,1,1,0,0,0,0,-96,0,6,1,7255504,0,84,0,0,7.74326,384,[84 -64 4 0 0 0 0 0 0 0 0 0 -16 4 -16 3 -17 2 -17 0 -13 3 -14 5 -16 1 -13 3 -13 2 -14 2 -11 2 -12 2 -13 0 -13 3 -11 1 -10 2 -7 4 -9 1 -8 6 -7 4 -7 2 -8 1 -7 -1 -8 3 -9 4 -5 2 0 0 -5 2 -7 4 -6 3 -7 0 -6 2 -4 2 -5 2 -6 2 -4 3 -6 0 -4 2 -5 2 -5 3 -4 1 -6 -1 -4 -1 -5 2 -6 -2 -2 0 -5 1 -5 -3 -6 -1 -4 -2 -5 -2 -8 -3 -5 0 0 0 0 0 0 0 0 0 0 0 ]
CSI_DATA,AP,8C:4F:00:2D:7E:D4,-84,11,1,1,1,1,1,0,0,0,0,-96,0,6,1,7255908,0,84,0,0,7.78094,384,[84 -64 4 0 0 0 0 0 0 0 0 0 2 14 1 17 1 18 1 15 1 13 1 13 3 14 -1 13 1 11 -1 12 2 10 2 11 1 12 2 10 0 8 0 10 1 11 1 7 4 11 1 9 2 8 2 6 0 6 4 7 3 6 2 6 0 0 1 6 3 4 0 6 2 4 1 4 2 5 1 5 -1 3 -1 4 1 4 1 5 2 4 -2 3 1 5 -1 5 -2 4 -1 6 -1 4 0 4 -3 4 -3 5 -4 5 -5 3 -3 6 -2 2 -3 7 0 0 0 0 0 0 0 0 0 0 ]
CSI_DATA,AP,8C:4F:00:2D:7E:D4,-85,11,1,1,1,1,1,0,0,0,0,-96,0,6,1,7262194,0,84,0,0,7.81478,384,[84 -64 4 0 0 0 0 0 0 0 0 0 17 -4 18 0 17 -2 20 0 17 -1 16 -1 13 -1 15 -4 14 0 14 0 14 -1 11 0 15 -2 11 -6 11 -4 11 -4 10 -4 9 -2 9 -3 10 -4 10 -3 11 -3 6 -5 8 -3 7 -4 9 -3 0 0 7 -3 7 -3 6 -4 3 -1 4 -3 6 -2 6 -3 2 -4 6 -2 2 -3 6 -1 7 -4 3 -3 6 -2 2 -1 5 1 5 1 5 -1 4 -1 3 1 6 0 6 1 7 -2 7 3 8 1 7 2 0 0 0 0 0 0 0 0 0 0 ]
CSI_DATA,AP,8C:4F:00:2D:7E:D4,-84,11,1,1,1,1,1,0,0,0,0,-96,0,6,1,7262467,0,84,0,0,7.8509,384,[84 -64 4 0 0 0 0 0 0 0 0 0 16 11 11 12 14 10 15 8 14 7 11 7 10 7 12 6 11 9 11 8 10 6 8 3 12 6 9 5 9 5 9 4 8 5 8 5 7 2 9 4 7 3 9 4 7 3 10 5 8 -3 5 3 0 0 7 3 7 1 6 1 7 2 7 5 4 5 4 3 4 1 3 1 5 1 4 2 3 2 3 2 1 2 2 1 3 1 4 3 3 4 3 5 4 3 3 4 4 6 3 4 3 7 2 6 1 7 0 0 0 0 0 0 0 0 0 0 ]
CSI_DATA,AP,8C:4F:00:2D:7E:D4,-83,11,1,1,1,1,1,0,0,0,0,-96,0,6,1,7262772,0,84,0,0,7.88328,384,[84 -64 4 0 0 0 0 0 0 0 0 0 -8 15 -5 16 -7 19 -8 19 -7 12 -10 15 -7 14 -5 11 -7 12 -7 12 -8 13 -6 7 -5 10 -5 14 -5 9 -6 11 -5 11 -3 8 -4 9 -1 9 -5 7 -1 9 -2 6 -6 9 -3 6 -2 7 0 0 -2 7 -3 5 -5 3 -2 6 -2 6 -1 7 -3 6 -2 3 -1 4 -3 5 -5 2 -3 7 -3 2 -4 4 -3 6 -5 0 -6 1 -2 5 -6 3 -5 2 -9 3 -6 2 -8 3 -8 2 -5 2 -8 3 0 0 0 0 0 0 0 0 0 0 ]
CSI_DATA,AP,8C:4F:00:2D:7E:D4,-85,11,1,1,1,1,1,0,0,0,0,-96,0,6,1,7270665,0,84,0,0,7.92018,384,[84 -64 4 0 0 0 0 0 0 0 0 0 -3 16 -5 14 -4 15 -2 16 -1 13 -2 13 -5 12 -3 11 -3 10 -4 11 -3 10 -4 9 -4 10 -4 10 -2 11 -1 9 -2 7 -4 9 -2 7 -4 9 -2 10 -2 10 -4 5 -3 8 -3 7 -2 6 0 0 -7 0 -1 5 -6 3 1 5 -4 3 -5 0 -2 5 -4 0 -2 5 -3 4 -3 0 -5 3 -2 3 -2 2 -5 2 -4 3 -4 1 -4 4 -5 2 -7 0 -5 0 -7 2 -6 0 -5 -1 -5 -1 -6 -2 0 0 0 0 0 0 0 0 0 0 ]
CSI_DATA,AP,8C:4F:00:2D:7E:D4,-80,11,0,0,0,0,0,0,0,0,0,-96,0,6,1,7571913,0,84,0,0,7.96238,128,[84 -64 4 0 0 0 0 0 0 0 0 0 51 13 60 2 60 -1 57 0 53 1 46 12 49 5 46 8 47 11 35 9 54 3 39 8 48 7 35 11 36 11 41 8 33 10 37 7 29 0 31 2 31 3 29 6 30 2 23 3 36 8 28 6 0 0 20 4 21 -3 20 6 26 1 22 4 23 14 9 1 19 4 -6 -7 7 2 1 6 11 8 6 5 1 13 18 8 5 14 10 16 13 12 2 17 -1 17 1 15 -6 14 1 13 -3 24 -8 21 -5 17 0 0 0 0 0 0 0 0 0 0 ]
CSI_DATA,AP,8C:4F:00:2D:7E:D4,-86,11,1,1,1,1,1,0,0,0,0,-96,0,6,1,7580113,0,84,0,0,7.99478,384,[84 -64 4 0 0 0 0 0 0 0 0 0 -13 -15 -14 -13 -11 -12 -15 -10 -13 -13 -12 -14 -8 -12 -9 -11 -11 -10 -10 -7 -7 -9 -6 -10 -10 -6 -10 -8 -9 -4 -10 -5 -10 -5 -9 -6 -11 -6 -10 -3 -5 -5 -10 -7 -8 -6 -4 -5 -2 -5 -5 -5 0 0 -7 -4 -6 -3 -5 -4 -5 1 -7 -4 -5 -3 -5 -3 -4 -3 -2 -5 -3 -2 -5 -5 -6 -5 -2 -3 -1 -4 -2 -6 -2 -5 -4 -3 0 -5 -2 -6 3 -5 -1 -5 -4 -6 2 -7 2 -9 4 -7 2 -7 0 0 0 0 0 0 0 0 0 0 ]
CSI_DATA,AP,8C:4F:00:2D:7E:D4,-87,11,1,1,1,1,1,0,0,0,0,-96,0,6,1,7580681,0,84,0,0,8.03546,384,[84 -64 4 0 0 0 0 0 0 0 0 0 4 13 7 15 4 17 2 15 5 14 4 13 5 8 5 10 4 12 2 9 5 11 5 8 5 10 3 9 4 7 2 5 5 9 0 8 4 7 5 5 4 5 3 5 2 4 5 10 1 4 4 5 0 0 3 5 1 6 3 7 4 4 3 4 4 5 2 4 0 2 2 1 1 3 1 6 3 2 2 3 3 5 2 5 -1 2 -2 2 -2 4 -1 2 -1 2 -4 3 -1 3 -5 4 -4 4 -6 5 -4 4 0 0 0 0 0 0 0 0 0 0 ]
CSI_DATA,AP,8C:4F:00:2D:7E:D4,-86,11,1,1,1,1,1,0,0,0,0,-96,0,6,1,7581080,0,84,0,0,8.06835,384,[84 -64 4 0 0 0 0 0 0 0 0 0 8 10 7 12 7 13 4 13 9 12 8 11 7 11 6 12 5 9 3 8 4 9 5 6 6 5 6 8 5 8 4 8 6 6 2 6 5 6 5 3 5 3 5 3 7 3 8 4 3 2 8 3 0 0 5 4 5 4 4 2 1 0 3 4 4 0 3 3 0 1 1 3 2 4 0 4 0 2 4 2 2 2 2 4 0 3 -3 4 -1 2 0 4 0 3 -1 4 -1 6 -3 5 -1 5 -2 6 -1 7 0 0 0 0 0 0 0 0 0 0 ]
CSI_DATA,AP,8C:4F:00:2D:7E:D4,-86,11,1,1,1,1,1,0,0,0,0,-96,0,6,1,7590092,0,84,0,0,8.10072,384,[84 -64 4 0 0 0 0 0 0 0 0 0 19 0 16 2 16 2 18 -1 13 4 15 3 14 1 12 0 15 -1 11 2 12 1 11 -2 15 -2 11 -3 9 -2 8 -2 8 -4 10 -3 8 -6 10 -3 6 -5 8 -2 6 -5 7 -2 8 -3 7 -4 0 0 7 -6 10 -3 4 -3 3 -4 2 -4 7 -3 2 -2 3 -1 3 -2 3 -4 5 -4 2 -3 5 -3 4 -3 3 2 3 -3 2 -1 3 1 7 -2 4 0 3 -1 6 -3 5 0 6 2 6 2 8 2 0 0 0 0 0 0 0 0 0 0 ]
CSI_DATA,AP,8C:4F:00:2D:7E:D4,-86,11,1,1,1,1,1,0,0,0,0,-96,0,6,1,7590540,0,84,0,0,8.13632,384,[84 -64 4 0 0 0 0 0 0 0 0 0 -16 3 -13 5 -16 5 -15 2 -11 3 -16 3 -14 3 -12 4 -12 2 -10 3 -10 3 -9 1 -10 2 -12 1 -10 3 -10 2 -9 1 -8 4 -9 3 -10 1 -9 2 -7 2 -5 1 -7 4 -6 1 -5 2 0 0 -5 3 -7 3 -5 3 -4 2 -5 -2 -4 0 -6 1 -4 1 -7 -1 -6 1 -4 1 -7 2 -6 -1 -5 -2 -2 -1 -5 -2 -5 -1 -5 -2 -1 -2 -4 -5 -3 -3 -2 -2 -6 -5 -3 -6 -5 -4 -3 -2 0 0 0 0 0 0 0 0 0 0 ]
CSI_DATA,AP,8C:4F:00:2D:7E:D4,-84,11,1,0,1,1,1,0,0,0,0,-96,0,6,1,7590941,0,84,0,0,8.1746,384,[84 -64 4 0 0 0 0 0 0 0 0 0 -7 13 -7 13 -8 16 -9 13 -8 11 -6 11 -5 11 -5 11 -5 11 -4 10 -4 11 -5 9 -1 9 -2 9 -4 10 -3 10 -2 8 -2 6 -3 8 -2 6 -4 8 -3 8 0 3 0 7 -2 6 1 6 0 0 0 5 -1 7 1 6 1 4 -1 5 -2 5 -1 4 1 2 -2 3 1 4 -1 4 -2 3 -1 4 -3 4 -3 2 -1 3 -2 2 -3 2 -4 2 -2 2 -5 2 -5 4 -5 2 -5 3 -5 3 -6 3 0 0 0 0 0 0 0 0 0 0 ]
CSI_DATA,AP,8C:4F:00:2D:7E:D4,-84,11,1,0,1,1,1,0,0,0,0,-96,0,6,1,7591388,0,84,0,0,8.21046,384,[84 -64 4 0 0 0 0 0 0 0 0 0 15 -1 14 -1 16 -2 16 -2 15 -4 14 0 13 -2 10 -3 11 -1 10 -1 13 -2 10 -3 9 -3 10 -1 10 -2 13 -1 9 -2 9 0 5 -1 11 -4 7 -2 6 -2 7 -3 7 -2 8 -1 6 1 0 0 7 0 3 -2 5 -2 3 -3 3 -1 3 1 5 1 7 0 4 -1 4 1 4 1 3 1 5 2 4 2 2 1 3 1 4 2 2 2 2 1 2 2 2 2 3 4 2 4 3 5 -2 3 2 5 0 0 0 0 0 0 0 0 0 0 ]
CSI_DATA,AP,8C:4F:00:2D:7E:D4,-83,11,1,0,1,1,1,0,0,0,0,-96,0,6,1,7591743,0,84,0,0,8.24535,384,[84 -64 4 0 0 0 0 0 0 0 0 0 12 7 14 9 14 8 13 10 11 8 11 8 10 8 9 9 8 8 8 6 9 5 8 4 9 2 10 2 9 4 9 3 7 2 6 1 6 2 8 1 8 1 6 2 5 0 6 2 7 1 6 -1 0 0 7 0 6 0 4 0 6 -2 5 1 5 2 4 0 4 1 4 1 5 2 3 1 4 0 3 0 3 1 2 1 2 5 3 2 2 1 3 1 0 1 2 5 -1 3 2 2 3 3 0 4 4 7 0 0 0 0 0 0 0 0 0 0 ]
CSI_DATA,AP,8C:4F:00:2D:7E:D4,-80,11,0,0,0,0,0,0,0,0,0,-96,0,6,1,7608136,0,84,0,0,8.27742,128,[84 -64 4 0 0 0 0 0 0 0 0 0 2 -43 6 -41 2 -35 0 -42 4 -37 1 -29 2 -35 2 -27 -1 -31 0 -29 -4 -30 -3 -26 0 -30 -5 -26 -5 -24 -3 -28 -9 -25 -7 -17 -8 -20 -9 -15 -5 -16 -7 -19 -4 -16 -8 -22 -5 -17 -3 -11 0 0 -12 -18 6 -17 -8 -11 -18 -15 -13 -15 -9 -13 -11 -13 -7 -8 0 -14 -3 -11 -6 -10 -2 -9 -1 -6 1 -11 2 -13 3 -12 2 -8 2 -10 0 -11 -1 -11 4 -10 3 -12 3 -16 11 -15 10 -12 8 -17 0 0 0 0 0 0 0 0 0 0 ]
CSI_DATA,AP,8C:4F:00:2D:7E:D4,-79,11,1,0,1,1,1,0,0,0,0,-96,0,6,1,13273876,0,84,0,0,13.6642,384,[84 -64 4 0 0 0 0 0 0 0 0 0 8 10 8 10 8 11 9 12 9 10 6 9 6 9 6 9 6 9 6 9 6 8 6 8 6 8 5 7 5 7 5 6 4 6 4 6 5 5 5 5 5 4 5 4 4 5 5 7 4 6 4 4 0 0 3 3 4 2 6 4 4 3 4 6 4 3 4 5 5 4 4 4 3 2 3 4 4 5 4 5 5 5 4 4 4 5 6 5 5 5 4 4 5 4 6 5 7 5 5 6 7 5 7 6 7 7 0 0 0 0 0 0 0 0 0 0 ]
CSI_DATA,AP,8C:4F:00:2D:7E:D4,-80,11,1,0,1,1,1,0,0,0,0,-96,0,6,1,13278516,0,84,0,0,13.6875,384,[84 -64 4 0 0 0 0 0 0 0 0 0 13 1 14 1 15 2 15 3 12 1 12 0 11 2 11 1 11 0 9 1 10 1 9 1 12 2 11 1 9 0 9 -1 8 1 8 0 8 0 8 0 8 -1 6 1 6 0 7 1 6 -1 6 -1 0 0 5 0 7 0 7 1 6 1 5 0 6 0 5 1 6 -1 4 0 6 0 5 0 6 0 6 0 7 0 6 2 7 1 8 0 6 -1 7 -1 7 -1 8 0 8 0 9 0 9 -1 10 1 9 1 0 0 0 0 0 0 0 0 0 0 ]
CSI_DATA,AP,8C:4F:00:2D:7E:D4,-79,11,1,0,1,1,1,0,0,0,0,-96,0,6,1,13278904,0,84,0,0,13.72,384,[84 -64 4 0 0 0 0 0 0 0 0 0 15 6 16 6 16 4 16 7 14 8 12 5 14 5 9 4 12 5 13 5 10 5 11 4 10 6 9 5 9 5 11 4 8 3 7 3 8 3 7 4 8 2 9 3 7 3 7 4 7 3 7 4 0 0 7 1 6 1 7 2 7 1 6 3 8 2 6 3 6 2 7 2 6 1 8 3 6 2 6 1 7 2 8 3 9 2 8 3 6 2 8 3 7 1 9 1 10 2 10 0 11 2 10 4 11 1 0 0 0 0 0 0 0 0 0 0 ]
CSI_DATA,AP,8C:4F:00:2D:7E:D4,-79,11,1,0,1,1,1,0,0,0,0,-96,0,6,1,13279283,0,84,0,0,13.7525,384,[84 -64 4 0 0 0 0 0 0 0 0 0 -17 9 -16 7 -15 7 -15 8 -16 6 -15 6 -14 4 -13 6 -13 4 -13 4 -12 5 -12 4 -11 6 -10 4 -10 3 -9 6 -10 4 -9 3 -8 4 -9 5 -9 3 -8 5 -8 3 -9 3 -8 3 -7 4 0 0 -6 3 -8 4 -6 3 -5 5 -6 4 -7 5 -6 4 -7 4 -6 3 -6 4 -6 4 -5 5 -8 5 -8 5 -6 4 -7 5 -10 5 -7 4 -8 6 -6 4 -8 6 -9 6 -8 6 -9 8 -8 6 -8 7 0 0 0 0 0 0 0 0 0 0 ]
CSI_DATA,AP,8C:4F:00:2D:7E:D4,-80,11,1,0,1,1,1,0,0,0,0,-96,0,6,1,13279655,0,84,0,0,13.7895,384,[84 -64 4 0 0 0 0 0 0 0 0 0 10 -13 11 -11 13 -12 12 -13 12 -11 10 -11 10 -9 9 -9 8 -9 8 -9 11 -10 10 -9 9 -8 7 -8 7 -9 7 -10 7 -7 7 -6 5 -6 5 -7 4 -8 6 -6 4 -6 6 -7 5 -6 3 -6 0 0 5 -6 4 -6 5 -5 4 -8 5 -6 5 -6 5 -6 5 -6 3 -4 4 -6 5 -5 4 -6 5 -6 4 -6 5 -7 7 -6 6 -7 5 -7 5 -7 5 -6 7 -6 6 -8 6 -8 7 -8 8 -9 6 -9 0 0 0 0 0 0 0 0 0 0 ]
CSI_DATA,AP,8C:4F:00:2D:7E:D4,-80,11,1,0,1,1,1,0,0,0,0,-96,0,6,1,13280056,0,84,0,0,13.8266,384,[84 -64 4 0 0 0 0 0 0 0 0 0 -8 -17 -3 -18 -8 -16 -7 -18 -5 -16 -3 -15 -4 -14 -3 -14 -3 -13 -4 -12 -3 -12 -4 -11 -4 -13 -4 -10 -3 -12 -4 -12 -5 -10 -4 -9 -3 -10 -4 -9 -5 -8 -3 -8 -4 -9 -4 -7 -2 -9 -4 -9 0 0 -5 -7 -5 -9 -3 -6 -4 -6 -3 -7 -4 -7 -4 -7 -4 -7 -4 -7 -3 -7 -4 -8 -3 -7 -5 -9 -5 -8 -5 -6 -5 -7 -4 -8 -5 -7 -6 -7 -6 -9 -7 -8 -7 -8 -5 -9 -6 -10 -6 -9 -7 -8 0 0 0 0 0 0 0 0 0 0 ]
CSI_DATA,AP,8C:4F:00:2D:7E:D4,-79,11,1,0,1,1,1,0,0,0,0,-96,0,6,1,13280411,0,84,0,0,13.8683,384,[84 -64 4 0 0 0 0 0 0 0 0 0 -10 -12 -10 -13 -10 -14 -10 -15 -11 -11 -7 -13 -7 -12 -9 -11 -9 -12 -8 -10 -6 -11 -8 -10 -7 -10 -6 -11 -5 -9 -7 -9 -7 -9 -6 -9 -4 -9 -5 -8 -6 -6 -7 -9 -4 -6 -4 -6 -6 -8 -5 -7 0 0 -5 -6 -5 -6 -4 -5 -5 -5 -6 -7 -5 -7 -4 -6 -3 -6 -5 -7 -4 -7 -4 -7 -5 -6 -5 -7 -4 -8 -4 -7 -4 -7 -7 -8 -4 -8 -5 -11 -4 -8 -6 -9 -6 -8 -6 -9 -6 -9 -5 -10 -8 -10 0 0 0 0 0 0 0 0 0 0 ]
CSI_DATA,AP,8C:4F:00:2D:7E:D4,-79,11,1,0,1,1,1,0,0,0,0,-96,0,6,1,13280781,0,84,0,0,13.9104,384,[84 -64 4 0 0 0 0 0 0 0 0 0 4 14 3 13 4 14 0 15 3 13 0 12 2 11 0 11 1 10 2 9 1 10 2 10 3 11 0 10 1 9 1 8 1 9 0 6 2 6 3 7 1 6 3 7 1 5 0 7 1 6 1 6 0 0 1 5 1 6 2 7 3 5 1 6 1 5 1 5 1 6 3 6 1 5 3 5 2 5 2 6 2 6 2 6 3 7 2 7 4 7 3 7 3 6 3 7 2 9 4 6 5 7 4 8 6 8 0 0 0 0 0 0 0 0 0 0 ]
CSI_DATA,AP,8C:4F:00:2D:7E:D4,-79,11,1,0,1,1,1,0,0,0,0,-96,0,6,1,13281205,0,84,0,0,13.9426,384,[84 -64 4 0 0 0 0 0 0 0 0 0 -16 3 -17 3 -15 3 -19 1 -15 0 -17 0 -16 3 -13 0 -13 0 -11 2 -12 1 -13 1 -11 4 -12 2 -10 1 -10 1 -10 2 -8 3 -8 1 -8 2 -8 1 -9 4 -8 3 -9 3 -8 3 -8 0 0 0 -7 2 -8 3 -7 3 -7 2 -7 2 -6 3 -8 2 -6 1 -6 5 -8 3 -7 3 -7 2 -7 5 -6 5 -9 4 -7 3 -8 4 -7 3 -8 4 -8 5 -8 4 -10 5 -8 6 -9 8 -10 4 -10 6 0 0 0 0 0 0 0 0 0 0 ]
CSI_DATA,AP,8C:4F:00:2D:7E:D4,-80,11,1,0,1,1,1,0,0,0,0,-96,0,6,1,13332144,0,84,0,0,13.9799,384,[84 -64 4 0 0 0 0 0 0 0 0 0 -16 43 -5 38 -18 30 -11 29 -17 29 -14 19 -16 30 -5 23 -9 25 -1 24 -10 31 -7 27 -6 27 -18 28 -8 20 -6 25 -11 25 -10 16 -13 18 -7 17 -4 18 -8 15 -8 13 -4 15 -10 12 -16 13 0 0 -8 12 -6 18 2 17 -10 18 -13 9 -5 12 -12 20 -13 18 -6 30 2 16 -9 19 -5 18 -15 15 -5 19 -11 18 -7 18 -6 18 -7 21 -4 13 1 19 -7 20 -1 17 -13 21 -7 26 -2 25 -7 27 0 0 0 0 0 0 0 0 0 0 ]
CSI_DATA,AP,8C:4F:00:2D:7E:D4,-79,11,1,0,1,1,1,0,0,0,0,-96,0,6,1,20439318,0,84,0,0,20.8298,384,[84 -64 4 0 0 0 0 0 0 0 0 0 -1 0 -2 1 -2 2 -2 1 -2 -1 -3 0 -3 -1 -2 -1 -3 -3 -2 -3 -3 -4 -3 -4 -2 -4 -3 -4 -3 -4 -3 -5 -3 -5 -2 -4 -3 -6 -4 -7 -2 -5 -3 -6 -2 -6 -4 -8 -3 -7 -3 -7 0 0 -4 -8 -5 -9 -4 -8 -4 -9 -4 -7 -5 -9 -4 -9 -5 -10 -5 -9 -7 -9 -5 -10 -7 -9 -6 -10 -5 -9 -7 -10 -8 -11 -7 -12 -9 -10 -8 -12 -9 -10 -7 -11 -9 -12 -9 -12 -11 -13 -7 -14 -9 -13 0 0 0 0 0 0 0 0 0 0 ]
CSI_DATA,AP,8C:4F:00:2D:7E:D4,-79,11,1,0,1,1,1,0,0,0,0,-96,0,6,1,20450022,0,84,0,0,20.8628,384,[84 -64 4 0 0 0 0 0 0 0 0 0 0 -3 0 -3 0 -2 1 0 0 -2 2 1 2 1 2 2 1 1 2 1 1 0 1 2 2 5 2 2 1 4 1 3 1 4 1 4 1 4 0 4 0 5 0 5 0 4 -1 6 0 7 2 7 0 0 0 6 1 8 -1 7 1 7 1 7 0 9 0 9 0 9 1 8 2 8 1 11 0 10 1 11 0 11 0 11 0 12 0 12 1 10 0 12 2 12 1 14 0 14 1 15 2 14 0 14 1 16 0 0 0 0 0 0 0 0 0 0 ]
CSI_DATA,AP,8C:4F:00:2D:7E:D4,-79,11,1,0,1,1,1,0,0,0,0,-96,0,6,1,20450478,0,84,0,0,20.8953,384,[84 -64 4 0 0 0 0 0 0 0 0 0 1 1 1 1 0 2 0 2 -1 2 -3 -1 -2 0 -2 -1 -4 0 -3 1 -4 0 -4 -1 -4 -1 -3 -1 -3 -3 -5 -3 -5 -1 -6 -1 -6 -2 -6 -2 -6 -2 -7 -2 -6 -1 -7 -2 -8 -3 -7 -2 0 0 -7 -3 -7 -3 -8 -3 -8 -2 -9 -3 -8 -3 -10 -3 -9 -3 -10 -4 -10 -3 -11 -3 -10 -4 -12 -3 -11 -2 -12 -4 -12 -4 -13 -2 -12 -3 -12 -4 -13 -2 -14 -4 -14 -3 -15 -4 -15 -2 -13 -4 -15 -4 0 0 0 0 0 0 0 0 0 0 ]
CSI_DATA,AP,8C:4F:00:2D:7E:D4,-79,11,1,0,1,1,1,0,0,0,0,-96,0,6,1,20450853,0,84,0,0,20.9359,384,[84 -64 4 0 0 0 0 0 0 0 0 0 -2 -1 -1 0 -1 -3 -2 -1 -1 -3 -1 -3 0 -3 0 -1 1 -4 1 -2 3 -2 2 -2 3 -3 2 -2 2 -3 4 -3 4 -2 4 -1 5 -3 4 -2 6 -1 5 -3 6 -2 6 -2 6 -3 6 -2 0 0 6 -2 8 -3 8 -3 7 -3 8 -3 8 -4 9 -3 8 -3 8 -3 8 -4 8 -5 9 -3 11 -4 9 -5 10 -4 10 -3 11 -5 10 -4 11 -5 11 -5 12 -5 12 -5 13 -5 14 -6 13 -5 13 -5 0 0 0 0 0 0 0 0 0 0 ]
CSI_DATA,AP,8C:4F:00:2D:7E:D4,-79,11,1,0,1,1,1,0,0,0,0,-96,0,6,1,20451301,0,84,0,0,20.973,384,[84 -64 4 0 0 0 0 0 0 0 0 0 2 0 0 0 0 2 0 0 0 1 -1 1 -1 1 -1 1 -2 1 -4 1 -3 1 -4 1 -5 0 -4 0 -5 2 -5 0 -4 1 -4 -1 -5 0 -5 1 -6 0 -5 0 -6 -1 -7 1 -8 1 -8 0 0 0 -7 1 -9 1 -9 1 -9 0 -10 0 -9 1 -10 0 -10 2 -11 0 -9 1 -11 2 -11 1 -11 3 -12 1 -12 1 -12 2 -12 2 -13 2 -14 2 -11 4 -14 2 -13 3 -14 4 -17 5 -15 2 -14 3 0 0 0 0 0 0 0 0 0 0 ]
CSI_DATA,AP,8C:4F:00:2D:7E:D4,-80,11,1,0,1,1,1,0,0,0,0,-96,0,6,1,20451658,0,84,0,0,21.01,384,[84 -64 4 0 0 0 0 0 0 0 0 0 0 -2 1 0 2 -2 2 0 0 0 2 1 0 3 1 0 1 3 -1 3 -1 3 -1 2 -1 2 -1 3 -1 3 -2 3 -1 4 -2 3 -2 4 -2 6 -2 4 -3 5 -3 4 -3 6 -3 6 -3 7 0 0 -2 6 -4 7 -3 7 -2 8 -3 7 -2 8 -3 9 -4 8 -2 8 -2 8 -4 10 -4 9 -4 11 -2 10 -3 10 -2 11 -4 12 -3 12 -3 11 -2 13 -3 11 -4 13 -4 13 -3 16 -4 14 -3 15 0 0 0 0 0 0 0 0 0 0 ]
CSI_DATA,AP,8C:4F:00:2D:7E:D4,-79,11,1,0,1,1,1,0,0,0,0,-96,0,6,1,20454303,0,84,0,0,21.0461,384,[84 -64 4 0 0 0 0 0 0 0 0 0 0 1 1 1 1 1 1 2 0 1 1 0 -1 0 -1 0 -3 1 -4 1 -3 1 -4 1 -4 2 -4 1 -5 1 -5 0 -5 0 -5 0 -6 1 -6 2 -6 1 -6 0 -5 0 -6 0 -8 0 -8 1 0 0 -9 0 -9 0 -9 -1 -9 0 -10 0 -9 0 -10 0 -9 1 -9 -1 -10 -1 -11 1 -10 0 -12 0 -12 -1 -11 -2 -13 0 -13 1 -12 -1 -13 0 -12 1 -14 -2 -15 0 -14 0 -16 1 -15 -1 -15 0 0 0 0 0 0 0 0 0 0 0 ]
CSI_DATA,AP,8C:4F:00:2D:7E:D4,-79,11,1,0,1,1,1,0,0,0,0,-96,0,6,1,20454676,0,84,0,0,21.0835,384,[84 -64 4 0 0 0 0 0 0 0 0 0 -3 1 -3 -2 -2 -2 -2 -3 -2 -2 1 -2 0 -2 0 -3 2 -2 1 -3 1 -2 1 -1 1 -4 2 -3 3 -3 3 -3 3 -3 3 -3 4 -4 4 -4 4 -4 3 -5 4 -3 5 -3 6 -5 6 -4 0 0 6 -4 7 -5 6 -6 5 -6 5 -6 7 -6 8 -5 6 -6 7 -6 6 -7 7 -7 7 -6 7 -7 9 -9 8 -7 8 -7 9 -9 8 -9 10 -9 8 -9 9 -10 10 -11 10 -11 10 -10 10 -9 10 -10 0 0 0 0 0 0 0 0 0 0 ]
CSI_DATA,AP,8C:4F:00:2D:7E:D4,-79,11,1,0,1,1,1,0,0,0,0,-96,0,6,1,20454973,0,84,0,0,21.1204,384,[84 -64 4 0 0 0 0 0 0 0 0 0 1 -2 2 -1 1 -2 2 0 1 1 1 0 0 1 -1 2 0 1 0 2 -1 3 -1 2 0 4 -2 4 -2 4 -2 3 -2 3 -2 4 -3 4 -2 4 -3 5 -3 5 -3 4 -3 5 -3 6 -4 6 0 0 -4 5 -3 7 -4 7 -3 7 -4 8 -3 8 -4 8 -4 8 -3 8 -3 8 -4 10 -4 10 -5 10 -4 10 -3 10 -6 11 -5 11 -4 11 -4 9 -5 11 -6 12 -6 11 -6 12 -6 14 -6 11 -5 14 0 0 0 0 0 0 0 0 0 0 ]
CSI_DATA,AP,8C:4F:00:2D:7E:D4,-80,11,1,0,1,1,1,0,0,0,0,-96,0,6,1,24584419,0,84,0,0,24.9749,384,[84 -64 4 0 0 0 0 0 0 0 0 0 -1 -4 -2 -2 -3 -2 -4 -1 -2 -3 -5 -2 -1 -3 -2 -3 -3 -3 -3 -4 -3 -3 -4 -5 -4 -4 -4 -4 -3 -7 -7 -4 -5 -3 -2 -5 -3 -5 -2 -5 -3 -5 -2 -6 -3 -5 -5 -7 -3 -6 -4 -6 0 0 -3 -7 -2 -6 -4 -6 -4 -6 -4 -7 -3 -6 -5 -8 -4 -4 -8 -6 -5 -3 -7 -8 -5 -8 -5 -8 -5 -8 -4 -8 -6 -8 -3 -9 -5 -10 -4 -9 -7 -8 -6 -10 -6 -11 -8 -11 -4 -11 -4 -12 -6 -12 0 0 0 0 0 0 0 0 0 0 ]
CSI_DATA,AP,8C:4F:00:2D:7E:D4,-76,11,0,0,0,0,0,0,0,0,0,-96,0,6,1,24590979,0,84,0,0,25.0071,128,[84 -64 4 0 0 0 0 0 0 0 0 0 7 -1 4 0 9 -3 5 -3 5 -5 8 -7 7 -7 7 -10 7 -8 7 -8 10 -10 10 -13 9 -12 11 -7 9 -9 11 -12 16 -10 12 -8 13 -11 17 -9 11 -11 14 -11 14 -6 16 -12 14 -11 14 -12 0 0 15 -12 19 -11 15 -12 16 -15 16 -14 16 -15 16 -16 14 -14 16 -14 17 -14 19 -14 19 -14 20 -17 19 -15 21 -13 23 -19 22 -17 25 -17 23 -20 23 -20 26 -20 24 -20 24 -21 29 -18 28 -20 29 -21 0 0 0 0 0 0 0 0 0 0 ]
CSI_DATA,AP,8C:4F:00:2D:7E:D4,-79,11,1,0,1,1,1,0,0,0,0,-96,0,6,1,24594813,0,84,0,0,25.0492,384,[84 -64 4 0 0 0 0 0 0 0 0 0 2 -2 1 -2 1 -2 0 -4 0 -3 0 -3 0 -3 -1 -4 -1 -3 2 -5 1 -4 1 -5 1 -5 2 -6 1 -5 1 -5 1 -6 2 -5 2 -6 2 -5 2 -5 3 -7 2 -4 3 -7 2 -7 3 -6 0 0 3 -7 2 -7 2 -7 1 -6 3 -7 3 -8 3 -8 3 -8 3 -8 2 -7 3 -8 2 -8 2 -9 4 -8 3 -8 4 -9 4 -10 3 -9 3 -9 3 -10 5 -10 4 -11 5 -11 5 -12 5 -11 5 -12 0 0 0 0 0 0 0 0 0 0 ]
CSI_DATA,AP,8C:4F:00:2D:7E:D4,-79,11,1,0,1,1,1,0,0,0,0,-96,0,6,1,24599116,0,84,0,0,25.0857,384,[84 -64 4 0 0 0 0 0 0 0 0 0 -3 1 -1 1 0 2 0 1 0 2 0 2 0 2 0 3 1 4 1 3 1 4 0 4 1 4 0 4 0 3 1 5 1 7 -1 3 1 4 1 5 -1 5 0 5 0 4 -2 6 -1 6 0 6 0 0 -1 7 -1 6 2 8 2 6 -1 6 0 6 -1 6 0 7 0 8 -1 6 0 8 0 8 0 9 -1 10 -1 8 -1 10 -1 9 0 9 -2 10 1 9 -1 10 -1 11 -1 11 -2 12 -2 11 -1 12 0 0 0 0 0 0 0 0 0 0 ]
CSI_DATA,AP,8C:4F:00:2D:7E:D4,-79,11,1,0,1,1,1,0,0,0,0,-96,0,6,1,24600026,0,84,0,0,25.1195,384,[84 -64 4 0 0 0 0 0 0 0 0 0 1 1 1 2 1 1 1 2 2 0 3 1 1 0 3 1 3 3 3 0 4 2 3 1 3 1 5 2 5 1 4 3 4 1 5 2 5 3 5 3 5 3 6 3 5 2 5 2 4 3 3 1 0 0 5 1 9 3 7 2 8 4 7 4 7 2 7 0 6 1 7 2 7 1 7 1 7 2 7 1 7 1 9 3 8 2 10 2 10 2 9 1 9 1 9 1 10 1 10 0 13 1 11 1 11 2 0 0 0 0 0 0 0 0 0 0 ]
CSI_DATA,AP,8C:4F:00:2D:7E:D4,-79,11,1,0,1,1,1,0,0,0,0,-96,0,6,1,24601628,0,84,0,0,25.1511,384,[84 -64 4 0 0 0 0 0 0 0 0 0 0 -2 1 -3 -1 -3 0 -4 -1 -2 -1 -4 -2 -3 -2 -2 -2 -4 -2 -4 -2 -4 -2 -4 -2 -6 -2 -5 -2 -5 -2 -5 -2 -6 -1 -4 -2 -6 -2 -6 -2 -7 -2 -6 -1 -6 -1 -8 -1 -8 -2 -8 0 0 -1 -7 -2 -7 -1 -8 -2 -7 -1 -8 -1 -8 -1 -8 -3 -8 -2 -8 -2 -8 -2 -9 -1 -9 -2 -10 -1 -10 -1 -9 -1 -10 -2 -11 -1 -10 -1 -11 -3 -11 -1 -11 -1 -12 -1 -12 -1 -13 -1 -12 -1 -13 0 0 0 0 0 0 0 0 0 0 ]
CSI_DATA,AP,8C:4F:00:2D:7E:D4,-79,11,1,0,1,1,1,0,0,0,0,-96,0,6,1,24602180,0,84,0,0,25.1921,384,[84 -64 4 0 0 0 0 0 0 0 0 0 -1 -2 -3 -4 -2 -3 -3 -3 -2 -2 -3 -3 -4 -3 -2 -3 -4 -2 -4 -3 -5 -4 -3 -4 -4 -4 -5 -3 -4 -4 -6 -5 -5 -4 -4 -4 -5 -3 -6 -4 -5 -4 -5 -7 -4 -4 -5 -5 -6 -6 -5 -5 0 0 -6 -4 -6 -4 -7 -4 -6 -4 -7 -5 -9 -5 -6 -4 -6 -5 -6 -5 -8 -4 -8 -5 -8 -4 -9 -5 -8 -5 -9 -6 -10 -5 -9 -5 -10 -5 -9 -6 -10 -4 -11 -6 -10 -6 -12 -6 -12 -5 -11 -7 -11 -6 0 0 0 0 0 0 0 0 0 0 ]
CSI_DATA,AP,8C:4F:00:2D:7E:D4,-76,11,0,0,0,0,0,0,0,0,0,-96,0,6,1,24604398,0,84,0,0,25.233,128,[84 -64 4 0 0 0 0 0 0 0 0 0 -6 6 -3 6 -1 7 -3 7 -2 4 0 8 1 10 -2 9 1 11 0 12 0 11 -2 14 2 12 -1 13 -3 11 -3 13 -1 16 0 12 0 16 -1 18 0 19 -4 20 0 15 1 18 -4 17 -1 21 0 0 1 19 -1 20 1 19 -1 20 2 19 0 23 2 23 2 23 1 25 2 25 2 25 1 21 1 26 0 25 -1 26 1 29 1 30 2 29 -2 30 2 30 0 30 1 31 -1 31 0 35 -2 33 1 34 0 0 0 0 0 0 0 0 0 0 ]
CSI_DATA,AP,8C:4F:00:2D:7E:D4,-80,11,1,0,1,1,1,0,0,0,0,-96,0,6,1,24604851,0,84,0,0,25.2697,384,[84 -64 4 0 0 0 0 0 0 0 0 0 1 2 1 2 0 0 1 1 2 1 2 0 3 -1 2 1 2 1 2 1 4 0 6 0 5 2 3 0 3 2 5 2 4 1 5 0 4 2 6 2 5 1 5 1 4 3 5 2 7 3 6 2 0 0 4 2 6 3 6 2 6 2 7 0 6 3 7 2 6 1 7 1 7 2 7 2 9 2 7 2 7 2 9 1 9 1 10 3 9 2 8 2 11 1 9 3 10 3 11 2 11 2 11 3 11 4 0 0 0 0 0 0 0 0 0 0 ]
CSI_DATA,AP,8C:4F:00:2D:7E:D4,-77,11,0,0,0,0,0,0,0,0,0,-96,0,6,1,26053133,0,84,0,0,26.4436,128,[84 -64 4 0 0 0 0 0 0 0 0 0 7 -3 5 -2 7 -4 2 -7 2 -3 2 -5 2 -7 -2 -9 -2 -9 0 -9 0 -8 -4 -11 -1 -9 -1 -11 -3 -13 -3 -14 -4 -15 -3 -14 -2 -13 -2 -13 -1 -16 -1 -15 -1 -15 -1 -18 -3 -18 -3 -19 0 0 -3 -19 -5 -19 -1 -19 -3 -21 -5 -19 -2 -23 -5 -22 -3 -23 -6 -22 -7 -26 -4 -26 -3 -25 -4 -26 -3 -26 -3 -28 -3 -30 -7 -32 -4 -32 -5 -30 -5 -32 -5 -31 -6 -35 -5 -36 -2 -37 -2 -33 -3 -38 0 0 0 0 0 0 0 0 0 0 ]
CSI_DATA,AP,8C:4F:00:2D:7E:D4,-81,11,1,0,1,1,1,0,0,0,0,-96,0,6,1,26054423,0,84,0,0,26.4778,384,[84 -64 4 0 0 0 0 0 0 0 0 0 1 15 3 -3 1 9 0 -6 -1 -1 3 -1 2 12 -5 -1 0 3 0 -2 4 5 9 0 8 -1 2 1 3 -3 9 -8 9 -5 8 3 8 -6 7 -8 9 -5 15 -6 8 1 12 -2 15 -7 15 -4 0 0 12 -3 17 -8 21 -7 13 -14 15 -10 20 -16 20 -14 11 -10 1 -10 8 -25 15 -18 16 -6 17 -15 18 -16 20 -19 14 -23 19 -24 16 -23 15 -26 6 -28 19 -26 12 -20 19 -25 15 -32 20 -25 16 -24 0 0 0 0 0 0 0 0 0 0 ]
CSI_DATA,AP,8C:4F:00:2D:7E:D4,-77,11,0,0,0,0,0,0,0,0,0,-96,0,6,1,26061529,0,84,0,0,26.5171,128,[84 -64 4 0 0 0 0 0 0 0 0 0 2 3 4 3 1 2 2 2 2 0 1 -1 3 -1 3 -2 3 -1 3 -2 4 -3 4 -4 4 -3 5 -4 5 -4 6 -2 5 -3 6 -4 5 -4 6 -2 6 -4 7 -4 6 -3 8 -4 7 -5 7 -4 0 0 7 -5 9 -4 10 -6 8 -6 9 -5 9 -7 11 -5 8 -5 11 -7 9 -6 11 -7 10 -6 11 -8 12 -7 11 -6 13 -7 13 -8 12 -8 13 -6 13 -8 14 -8 15 -9 15 -8 18 -7 17 -8 17 -9 0 0 0 0 0 0 0 0 0 0 ]
CSI_DATA,AP,8C:4F:00:2D:7E:D4,-81,11,1,0,1,1,1,0,0,0,0,-96,0,6,1,26070802,0,84,0,0,26.5539,384,[84 -64 4 0 0 0 0 0 0 0 0 0 1 2 1 0 0 0 2 0 1 0 1 0 1 -1 1 -1 2 -1 1 -2 1 -1 1 -3 2 -4 1 -2 3 -3 1 -3 1 -3 2 -4 3 -4 2 -6 2 -4 3 -5 1 -4 1 -5 4 -6 3 -4 0 0 3 -5 3 -6 4 -5 3 -5 3 -6 1 -7 3 -6 3 -8 2 -4 3 -7 3 -7 4 -7 3 -8 3 -8 4 -8 3 -7 5 -9 2 -9 4 -8 3 -8 4 -9 5 -10 5 -9 5 -10 5 -8 5 -9 0 0 0 0 0 0 0 0 0 0 ]
CSI_DATA,AP,8C:4F:00:2D:7E:D4,-81,11,1,0,1,1,1,0,0,0,0,-96,0,6,1,26071268,0,84,0,0,26.5892,384,[84 -64 4 0 0 0 0 0 0 0 0 0 2 1 3 1 2 0 1 -1 1 -2 1 -1 2 -1 1 -1 1 -1 1 -3 2 -3 2 -3 2 -3 1 -4 1 -4 2 -4 1 -4 1 -3 0 -3 1 -5 2 -6 3 -6 0 -3 3 -5 1 -8 0 -6 0 0 0 -5 3 -7 2 -8 4 -7 2 -5 1 -8 2 -8 2 -6 3 -8 2 -7 3 -8 2 -9 1 -10 2 -10 2 -8 2 -10 3 -10 3 -11 1 -10 1 -12 3 -12 2 -10 2 -12 2 -13 4 -12 4 -13 0 0 0 0 0 0 0 0 0 0 ]
CSI_DATA,AP,8C:4F:00:2D:7E:D4,-77,11,0,0,0,0,0,0,0,0,0,-96,0,6,1,26073477,0,84,0,0,26.6256,128,[84 -64 4 0 0 0 0 0 0 0 0 0 5 -7 3 -6 2 -4 3 -5 3 -5 -1 -4 -2 -3 -3 -7 -3 -8 -4 -8 -8 -9 -6 -9 -5 -9 -8 -9 -9 -8 -10 -11 -8 -11 -8 -10 -9 -8 -7 -12 -8 -10 -10 -12 -11 -11 -11 -14 -11 -13 -10 -13 0 0 -13 -16 -11 -18 -13 -18 -17 -16 -13 -15 -15 -17 -16 -15 -17 -15 -14 -17 -15 -19 -19 -18 -17 -17 -18 -17 -17 -20 -20 -22 -18 -22 -21 -23 -19 -24 -21 -25 -21 -23 -20 -28 -24 -26 -24 -27 -24 -31 -23 -30 -23 -31 0 0 0 0 0 0 0 0 0 0 ]
CSI_DATA,AP,8C:4F:00:2D:7E:D4,-81,11,1,0,1,1,1,0,0,0,0,-96,0,6,1,26073980,0,84,0,0,26.6712,384,[84 -64 4 0 0 0 0 0 0 0 0 0 -4 2 -3 2 -3 2 -1 1 -2 1 -1 1 0 1 -1 1 0 1 2 1 0 2 1 2 1 4 1 2 1 2 2 2 2 2 2 2 3 3 3 4 3 4 4 3 3 3 2 3 5 5 3 4 0 0 3 4 4 5 4 5 4 4 4 5 5 5 5 4 4 4 5 5 6 4 5 5 5 6 6 5 5 6 7 5 8 6 8 6 7 6 7 5 8 5 9 7 8 7 9 6 10 8 9 7 9 9 0 0 0 0 0 0 0 0 0 0 ]
CSI_DATA,AP,8C:4F:00:2D:7E:D4,-81,11,1,0,1,1,1,0,0,0,0,-96,0,6,1,26080061,0,84,0,0,26.703,384,[84 -64 4 0 0 0 0 0 0 0 0 0 2 1 2 0 2 0 1 -1 1 -1 1 -1 1 0 1 -1 0 -1 3 -3 1 -3 0 -3 1 -4 1 -3 3 -4 -1 -5 1 -3 2 -5 1 -5 3 -5 1 -6 1 -7 1 -5 2 -7 5 -9 1 -5 0 0 4 -5 3 -6 2 -7 2 -7 4 -5 2 -8 4 -7 2 -8 3 -8 4 -8 4 -8 3 -7 6 -8 4 -7 4 -9 4 -9 6 -10 5 -11 5 -9 5 -10 6 -9 6 -10 8 -10 7 -12 8 -10 8 -10 0 0 0 0 0 0 0 0 0 0 ]
CSI_DATA,AP,8C:4F:00:2D:7E:D4,-83,11,1,0,1,1,1,0,0,0,0,-96,0,6,1,26089025,0,84,0,0,26.7389,384,[84 -64 4 0 0 0 0 0 0 0 0 0 -9 8 3 -6 -8 1 -12 -6 0 -2 4 9 7 7 -3 -1 0 1 -16 12 -2 6 -4 12 -3 6 0 4 0 2 -8 14 3 10 9 7 -2 18 1 6 -3 9 7 12 1 16 -3 13 -9 18 0 1 0 0 0 18 0 24 -10 23 -2 21 -5 17 -2 16 -6 24 4 12 7 40 7 16 13 24 9 16 7 21 11 19 0 27 11 29 1 29 17 28 3 29 16 29 -1 42 10 32 4 29 16 38 11 36 12 36 0 0 0 0 0 0 0 0 0 0 ]
CSI_DATA,AP,8C:4F:00:2D:7E:D4,-82,11,1,0,1,1,1,0,0,0,0,-96,0,6,1,26090287,0,84,0,0,26.7761,384,[84 -64 4 0 0 0 0 0 0 0 0 0 0 -4 -1 -3 -1 -3 0 -4 1 -1 -2 -2 -3 -3 -2 -2 -2 -3 -1 -2 -3 -1 -5 0 -3 -2 -3 -1 -3 -2 -4 0 -4 -1 -5 -2 -6 0 -5 -2 -5 0 -4 -3 -5 -2 -6 -2 -7 -2 -6 -2 0 0 -7 -2 -8 -1 -8 -2 -7 -1 -7 -2 -9 -3 -9 -3 -8 -2 -9 -3 -7 -2 -10 -3 -9 -2 -10 -2 -10 -2 -9 -3 -10 -3 -10 -3 -10 -2 -10 -2 -11 -2 -12 -3 -12 -4 -13 -4 -14 -4 -12 -4 -13 -3 0 0 0 0 0 0 0 0 0 0 ]
CSI_DATA,AP,8C:4F:00:2D:7E:D4,-78,11,1,0,1,1,1,0,0,0,0,-96,0,6,1,28116766,0,84,0,0,28.5071,384,[84 -64 4 0 0 0 0 0 0 0 0 0 -1 -3 0 -2 0 -5 2 -4 2 -5 1 -5 3 -4 3 -3 4 -4 5 -6 6 -2 5 -3 4 -3 6 -4 6 -3 6 -3 6 -4 7 -4 6 -3 4 -5 5 -4 7 -4 7 -5 7 -2 9 -5 7 -3 0 0 8 -3 6 -6 7 -6 8 -5 7 -5 8 -5 9 -5 6 -5 8 -6 8 -5 8 -7 8 -7 8 -7 10 -7 8 -6 9 -8 10 -8 9 -8 9 -8 8 -8 10 -7 10 -10 10 -9 12 -11 10 -9 10 -8 0 0 0 0 0 0 0 0 0 0 ]
CSI_DATA,AP,8C:4F:00:2D:7E:D4,-77,11,1,0,1,1,1,0,0,0,0,-96,0,6,1,28119247,0,84,0,0,28.5354,384,[84 -64 4 0 0 0 0 0 0 0 0 0 0 1 1 2 1 3 -1 3 -1 2 -1 1 -1 3 -1 2 -2 5 -4 5 -1 4 -4 4 -4 4 -4 6 -5 7 -7 3 -5 4 -5 2 -7 5 -6 5 -6 3 -6 6 -6 3 -8 4 -6 6 -8 5 0 0 -8 4 -9 7 -6 4 -7 6 -8 5 -8 6 -11 5 -9 5 -8 5 -7 5 -8 6 -8 6 -9 7 -8 7 -10 5 -10 7 -10 6 -10 8 -10 7 -9 7 -10 7 -11 9 -12 9 -11 10 -11 8 -10 10 0 0 0 0 0 0 0 0 0 0 ]
CSI_DATA,AP,8C:4F:00:2D:7E:D4,-77,11,1,0,1,1,1,0,0,0,0,-96,0,6,1,28119836,0,84,0,0,28.5715,384,[84 -64 4 0 0 0 0 0 0 0 0 0 1 1 -1 3 -1 2 -3 3 -2 2 -2 3 -3 2 -4 3 -3 4 -3 0 -4 3 -6 4 -7 4 -8 4 -6 4 -7 2 -7 4 -7 3 -6 4 -6 2 -7 5 -7 3 -5 3 -8 2 -8 4 -9 3 0 0 -8 4 -8 4 -9 5 -8 5 -9 6 -9 5 -10 5 -8 5 -8 6 -10 6 -9 8 -9 6 -9 7 -9 6 -9 5 -10 7 -11 8 -10 9 -10 7 -10 8 -12 8 -11 9 -11 7 -11 10 -10 7 -12 8 0 0 0 0 0 0 0 0 0 0 ]
CSI_DATA,AP,8C:4F:00:2D:7E:D4,-76,11,1,0,1,1,1,0,0,0,0,-96,0,6,1,28141051,0,84,0,0,28.6083,384,[84 -64 4 0 0 0 0 0 0 0 0 0 -1 2 -2 2 -1 4 -3 3 -4 3 -4 3 -3 3 -4 2 -4 2 -5 3 -7 5 -7 3 -7 3 -7 4 -7 4 -8 3 -7 3 -7 1 -8 2 -9 4 -10 2 -8 1 -8 2 -9 3 -9 4 -11 3 0 0 -9 2 -9 3 -11 2 -8 5 -10 3 -11 6 -11 4 -9 4 -9 4 -10 5 -12 6 -11 4 -11 5 -11 6 -12 5 -12 5 -12 6 -12 7 -12 6 -11 8 -12 7 -12 8 -13 8 -12 9 -13 8 -12 8 0 0 0 0 0 0 0 0 0 0 ]
CSI_DATA,AP,8C:4F:00:2D:7E:D4,-77,11,1,0,1,1,1,0,0,0,0,-96,0,6,1,28147502,0,84,0,0,28.6458,384,[84 -64 4 0 0 0 0 0 0 0 0 0 -2 2 -3 1 -4 2 -4 2 -3 2 -4 1 -4 1 -5 1 -5 2 -5 2 -6 2 -6 0 -7 2 -7 1 -8 1 -8 1 -8 1 -7 0 -7 2 -9 0 -8 2 -10 1 -6 0 -8 1 -10 0 -9 1 0 0 -9 1 -10 3 -9 1 -8 1 -11 2 -10 2 -11 2 -10 3 -10 1 -10 2 -10 3 -10 3 -11 4 -11 3 -11 3 -11 2 -11 3 -12 4 -12 3 -11 5 -12 4 -13 4 -12 5 -13 6 -13 5 -13 5 0 0 0 0 0 0 0 0 0 0 ]
CSI_DATA,AP,8C:4F:00:2D:7E:D4,-76,11,1,0,1,1,1,0,0,0,0,-96,0,6,1,28157208,0,84,0,0,28.6836,384,[84 -64 4 0 0 0 0 0 0 0 0 0 0 -2 -2 -3 -2 -5 -1 -3 -2 -4 0 -4 -1 -5 -1 -5 -1 -7 0 -6 0 -6 0 -8 1 -7 0 -8 2 -7 1 -7 2 -7 1 -6 1 -7 2 -8 2 -7 3 -8 1 -6 2 -8 2 -7 1 -8 0 0 3 -10 1 -9 5 -9 0 -9 1 -9 3 -11 3 -10 3 -9 3 -9 1 -10 2 -11 3 -11 1 -11 3 -11 2 -11 2 -13 4 -12 1 -12 3 -11 1 -13 2 -12 2 -13 3 -13 3 -14 2 -13 2 -14 0 0 0 0 0 0 0 0 0 0 ]
CSI_DATA,AP,8C:4F:00:2D:7E:D4,-77,11,1,0,1,1,1,0,0,0,0,-96,0,6,1,28165500,0,84,0,0,28.7215,384,[84 -64 4 0 0 0 0 0 0 0 0 0 -2 1 -2 1 -2 2 -3 3 -4 2 -4 2 -6 1 -5 1 -4 1 -5 2 -7 1 -6 2 -7 2 -7 3 -6 3 -8 1 -7 1 -7 1 -8 2 -7 2 -7 1 -7 1 -6 -1 -9 1 -9 1 -8 1 0 0 -9 1 -8 2 -10 1 -10 2 -9 1 -10 2 -10 1 -11 2 -9 1 -9 2 -12 2 -12 2 -10 3 -11 3 -10 2 -13 2 -13 3 -11 2 -11 1 -11 2 -13 2 -13 2 -12 1 -14 2 -13 3 -14 3 0 0 0 0 0 0 0 0 0 0 ]
CSI_DATA,AP,8C:4F:00:2D:7E:D4,-77,11,1,0,1,1,1,0,0,0,0,-96,0,6,1,28184168,0,84,0,0,28.759,384,[84 -64 4 0 0 0 0 0 0 0 0 0 0 -4 -1 -3 0 -4 -1 -5 -1 -5 -1 -4 -1 -4 -1 -5 -1 -6 -1 -6 0 -6 -1 -7 -1 -6 -1 -7 0 -8 -1 -8 -2 -8 0 -7 1 -7 0 -8 1 -8 1 -9 1 -9 0 -7 0 -11 -1 -8 0 0 -1 -9 0 -9 0 -9 0 -9 1 -9 0 -10 1 -9 -1 -9 0 -9 0 -10 0 -10 0 -10 1 -11 -1 -11 1 -11 0 -12 0 -12 0 -12 1 -12 0 -11 0 -13 0 -14 0 -13 -1 -14 -1 -14 0 -14 0 0 0 0 0 0 0 0 0 0 ]
CSI_DATA,AP,8C:4F:00:2D:7E:D4,-77,11,1,0,1,1,1,0,0,0,0,-96,0,6,1,28185079,0,84,0,0,28.7978,384,[84 -64 4 0 0 0 0 0 0 0 0 0 -1 1 -1 2 -1 4 0 4 1 3 0 4 0 3 1 4 -2 5 -2 4 -1 4 0 5 1 7 -3 6 -3 5 -3 5 -1 6 -2 6 -2 6 -2 7 -1 4 -3 5 -4 6 -3 6 -4 9 -2 6 0 0 -5 7 -5 8 -2 7 -3 8 -3 8 -3 8 -5 9 -4 8 -5 10 -4 9 -3 8 -3 8 -5 9 -3 10 -4 10 -4 10 -6 10 -5 10 -4 9 -3 11 -5 9 -3 12 -5 11 -6 12 -6 11 -5 11 0 0 0 0 0 0 0 0 0 0 ]
CSI_DATA,AP,8C:4F:00:2D:7E:D4,-77,11,1,0,1,1,1,0,0,0,0,-96,0,6,1,28185526,0,84,0,0,28.8339,384,[84 -64 4 0 0 0 0 0 0 0 0 0 -2 -3 -2 -2 -2 -3 -2 -5 -3 -6 -2 -3 -4 -4 -4 -1 -5 -6 -2 -7 -2 -6 -3 -6 -2 -6 -3 -9 -3 -6 -1 -11 -3 -7 -3 -7 -4 -9 -3 -11 0 -8 -2 -9 -3 -8 -1 -11 -2 -10 -4 -9 0 0 -1 -8 -1 -9 -4 -11 -3 -10 0 -12 -1 -11 -3 -12 -3 -11 -3 -11 -2 -10 -2 -11 -3 -11 -4 -11 -3 -11 -1 -12 -3 -12 -2 -14 -3 -13 -1 -14 -3 -13 -2 -13 -3 -13 -2 -14 -4 -16 -2 -16 -3 -15 0 0 0 0 0 0 0 0 0 0 ]
CSI_DATA,AP,8C:4F:00:2D:7E:D4,-78,11,1,0,1,1,1,0,0,0,0,-96,0,6,1,28191700,0,84,0,0,28.8762,384,[84 -64 4 0 0 0 0 0 0 0 0 0 3 -1 3 -3 3 -3 2 -4 5 -5 3 -3 3 -3 4 -4 3 -4 5 -5 6 -3 4 -5 4 -5 8 -6 5 -2 7 -3 5 -7 5 -2 7 -5 5 -6 6 -4 5 -5 6 -4 6 -6 8 -6 7 -5 0 0 8 -5 8 -4 8 -6 6 -3 4 -6 8 -5 7 -6 7 -6 7 -7 7 -7 9 -7 7 -6 7 -8 10 -7 8 -7 9 -7 9 -9 10 -7 9 -8 7 -9 10 -6 10 -9 11 -8 12 -10 11 -7 10 -8 0 0 0 0 0 0 0 0 0 0 ]
CSI_DATA,AP,8C:4F:00:2D:7E:D4,-79,11,1,0,1,1,1,0,0,0,0,-95,0,6,1,32656011,0,84,0,0,33.0465,384,[84 -64 4 0 0 0 0 0 0 0 0 0 2 -2 2 -2 0 -3 1 -4 0 -4 2 -4 2 -4 1 -5 1 -5 1 -6 2 -7 0 -3 3 -6 3 -6 2 -6 3 -7 2 -6 1 -6 2 -8 3 -7 0 -7 2 -7 3 -6 2 -7 3 -8 2 -9 0 0 2 -9 3 -8 2 -10 2 -6 3 -9 5 -9 2 -9 2 -11 3 -11 1 -8 2 -12 3 -9 3 -12 3 -10 3 -11 3 -11 3 -12 4 -11 3 -13 2 -14 4 -13 3 -13 5 -13 5 -15 5 -12 5 -14 0 0 0 0 0 0 0 0 0 0 ]
CSI_DATA,AP,8C:4F:00:2D:7E:D4,-79,11,1,0,1,1,1,0,0,0,0,-95,0,6,1,32659921,0,84,0,0,33.0755,384,[84 -64 4 0 0 0 0 0 0 0 0 0 1 2 0 3 0 3 1 2 2 1 2 2 2 3 3 2 3 3 3 3 4 2 4 4 4 4 2 3 5 3 5 4 4 5 5 3 5 3 5 5 4 4 5 4 5 4 5 7 5 6 6 5 0 0 5 4 8 6 7 7 7 5 7 6 8 4 7 5 7 3 7 6 8 6 8 5 7 5 9 6 9 6 8 7 9 7 8 8 9 5 10 7 9 6 10 8 10 8 10 9 11 7 9 8 10 8 0 0 0 0 0 0 0 0 0 0 ]
CSI_DATA,AP,8C:4F:00:2D:7E:D4,-79,11,1,0,1,1,1,0,0,0,0,-95,0,6,1,32661144,0,84,0,0,33.1066,384,[84 -64 4 0 0 0 0 0 0 0 0 0 -1 -3 -3 0 -3 0 -4 0 -4 0 -5 -1 -5 -1 -6 -2 -4 0 -7 -1 -6 -1 -7 0 -6 0 -6 -2 -7 0 -7 -1 -7 0 -7 -1 -7 -1 -8 0 -7 -1 -7 -2 -8 -1 -7 -1 -8 -1 -9 0 0 0 -10 -2 -10 -2 -10 -1 -9 -1 -11 -1 -10 -2 -11 -1 -12 -1 -10 0 -11 -1 -12 1 -11 -1 -12 0 -11 0 -12 -2 -13 -1 -13 -1 -13 -1 -14 -3 -14 0 -14 -1 -15 0 -15 -1 -15 -2 -14 -4 -15 -4 0 0 0 0 0 0 0 0 0 0 ]
CSI_DATA,AP,8C:4F:00:2D:7E:D4,-80,11,1,0,1,1,1,0,0,0,0,-95,0,6,1,32661518,0,84,0,0,33.1474,384,[84 -64 4 0 0 0 0 0 0 0 0 0 2 -2 1 -2 2 -2 2 -3 2 -3 1 -2 2 -1 3 -3 3 -3 2 -3 3 -5 4 -3 4 -4 5 -4 6 -4 5 -4 5 -4 5 -4 7 -4 5 -5 6 -6 6 -5 5 -4 6 -5 5 -6 6 -5 0 0 6 -5 5 -6 7 -4 4 -4 9 -6 8 -6 7 -7 7 -6 7 -6 8 -6 8 -7 8 -6 8 -7 9 -7 9 -4 10 -7 10 -7 11 -8 10 -7 9 -7 12 -5 12 -7 12 -7 12 -9 11 -6 11 -7 0 0 0 0 0 0 0 0 0 0 ]
CSI_DATA,AP,8C:4F:00:2D:7E:D4,-79,11,1,0,1,1,1,0,0,0,0,-95,0,6,1,32661870,0,84,0,0,33.1838,384,[84 -64 4 0 0 0 0 0 0 0 0 0 2 -1 3 0 3 -3 2 -3 1 -3 3 -3 3 -2 3 -4 2 -1 3 -4 4 -4 3 -3 3 -5 3 -2 5 -5 5 -5 3 -5 3 -4 4 -6 5 -6 5 -4 4 -5 5 -3 6 -4 6 -6 5 -6 0 0 5 -8 4 -6 7 -8 4 -7 6 -8 7 -8 5 -7 4 -8 5 -8 5 -10 4 -10 6 -9 6 -9 6 -10 7 -8 7 -10 8 -9 7 -11 8 -10 8 -11 8 -11 9 -10 8 -11 8 -14 9 -11 10 -11 0 0 0 0 0 0 0 0 0 0 ]
CSI_DATA,AP,8C:4F:00:2D:7E:D4,-79,11,1,0,1,1,1,0,0,0,0,-95,0,6,1,32662180,0,84,0,0,33.2206,384,[84 -64 4 0 0 0 0 0 0 0 0 0 0 -3 1 -2 1 -2 0 -4 1 -5 0 -4 1 -4 1 -3 0 -5 0 -5 0 -6 0 -5 1 -7 1 -8 -1 -6 1 -6 0 -5 1 -7 2 -7 3 -7 1 -8 4 -7 2 -7 2 -8 2 -7 2 -7 0 0 4 -7 3 -8 2 -10 1 -8 3 -9 4 -9 3 -10 2 -8 4 -8 3 -9 3 -11 4 -10 5 -11 5 -11 3 -10 6 -12 6 -11 5 -13 5 -11 3 -12 7 -11 6 -12 7 -12 8 -14 7 -12 7 -13 0 0 0 0 0 0 0 0 0 0 ]
CSI_DATA,AP,8C:4F:00:2D:7E:D4,-79,11,1,0,1,1,1,0,0,0,0,-95,0,6,1,32663232,0,84,0,0,33.2578,384,[84 -64 4 0 0 0 0 0 0 0 0 0 1 -3 1 -4 0 -3 0 -2 -1 -4 0 -4 -1 -4 0 -3 0 -5 -1 -6 0 -7 -1 -6 1 -6 0 -5 -2 -6 -1 -6 -2 -7 -2 -7 0 -7 1 -8 -1 -7 -2 -10 1 -8 -1 -6 0 -8 -1 -10 0 0 -1 -8 -1 -10 -1 -10 -2 -9 -1 -10 -2 -10 0 -9 -2 -10 -3 -11 -3 -11 -4 -12 -2 -10 -3 -12 -3 -13 -3 -12 -2 -12 -2 -12 -3 -14 -1 -14 -3 -14 -2 -14 -1 -14 -1 -15 -3 -15 -2 -14 -3 -15 0 0 0 0 0 0 0 0 0 0 ]
CSI_DATA,AP,8C:4F:00:2D:7E:D4,-79,11,1,0,1,1,1,0,0,0,0,-95,0,6,1,32663587,0,84,0,0,33.2988,384,[84 -64 4 0 0 0 0 0 0 0 0 0 -3 -3 -3 -3 -1 -2 -3 -3 -3 -2 -6 -4 -5 -4 -5 -2 -4 -2 -6 -2 -3 -2 -6 -3 -6 -2 -6 -4 -6 -3 -7 -3 -7 -3 -6 -4 -8 -2 -9 -4 -7 -4 -7 -4 -5 -3 -7 -5 -7 -5 -9 -3 0 0 -8 -3 -7 -3 -9 -2 -9 -2 -10 -3 -9 -3 -9 -3 -10 -3 -12 -3 -10 -3 -11 -4 -10 -3 -10 -3 -11 -4 -10 -5 -12 -5 -13 -4 -13 -5 -13 -5 -14 -4 -11 -6 -15 -3 -13 -6 -16 -6 -13 -7 -14 -6 0 0 0 0 0 0 0 0 0 0 ]
CSI_DATA,AP,8C:4F:00:2D:7E:D4,-80,11,1,0,1,1,1,0,0,0,0,-95,0,6,1,32663879,0,84,0,0,33.3406,384,[84 -64 4 0 0 0 0 0 0 0 0 0 0 2 2 3 2 2 1 0 3 0 4 1 3 2 3 3 3 2 4 1 5 2 5 3 7 2 4 2 5 2 4 3 6 3 6 2 6 2 5 2 4 3 7 3 7 2 8 5 7 4 7 3 0 0 6 4 8 1 8 0 9 3 8 3 8 3 9 4 9 4 8 3 8 3 9 4 9 5 10 2 10 3 11 3 12 3 10 4 11 5 12 4 12 2 11 4 13 4 12 5 14 6 12 6 12 6 0 0 0 0 0 0 0 0 0 0 ]
CSI_DATA,AP,8C:4F:00:2D:7E:D4,-80,11,1,0,1,1,1,0,0,0,0,-95,0,6,1,32770236,0,84,0,0,33.373,384,[84 -64 4 0 0 0 0 0 0 0 0 0 -1 3 -2 4 1 3 0 3 1 5 1 4 1 1 0 3 1 5 0 3 1 6 1 5 0 6 0 7 1 5 0 7 1 7 -1 5 1 3 2 7 0 6 0 6 -2 6 0 6 0 8 2 9 0 0 2 8 0 8 1 10 2 7 1 8 1 9 1 9 1 9 0 10 2 9 2 10 1 10 2 10 1 12 1 9 2 13 1 11 2 10 2 12 3 12 1 13 0 13 0 13 1 13 0 13 1 13 0 0 0 0 0 0 0 0 0 0 ]
CSI_DATA,AP,8C:4F:00:2D:7E:D4,-81,11,1,0,1,1,1,0,0,0,0,-95,0,6,1,34085932,0,84,0,0,34.4762,384,[84 -64 4 0 0 0 0 0 0 0 0 0 -5 -3 -3 0 -4 0 -2 -1 0 -1 -1 0 -2 0 0 0 0 1 0 0 -1 0 -1 0 1 3 1 1 -1 2 0 2 0 3 0 4 0 4 1 4 -1 6 2 4 1 3 1 4 0 5 0 5 0 0 0 7 0 6 0 9 0 7 3 6 -1 6 2 8 1 7 0 7 2 9 1 8 1 10 1 8 1 9 0 10 1 10 1 10 2 10 1 11 3 12 2 10 1 11 0 12 1 13 1 12 0 13 0 0 0 0 0 0 0 0 0 0 ]
CSI_DATA,AP,8C:4F:00:2D:7E:D4,-82,11,1,0,1,1,1,0,0,0,0,-95,0,6,1,34102418,0,84,0,0,34.5009,384,[84 -64 4 0 0 0 0 0 0 0 0 0 2 0 2 2 2 0 0 0 -1 -2 1 -1 2 -1 -2 -2 0 -2 -1 -2 0 -2 1 -2 -2 -5 1 -6 1 -4 1 -4 -2 -4 -1 -5 0 -4 2 -5 1 -4 1 -6 1 -3 2 -6 1 -6 0 -6 0 0 2 -5 0 -4 3 -7 2 -7 3 -7 2 -10 2 -7 2 -8 0 -8 0 -6 0 -9 4 -8 3 -8 3 -10 3 -9 4 -10 4 -11 3 -11 4 -10 4 -11 4 -12 4 -12 5 -11 4 -14 5 -12 4 -12 0 0 0 0 0 0 0 0 0 0 ]
CSI_DATA,AP,8C:4F:00:2D:7E:D4,-81,11,1,0,1,1,1,0,0,0,0,-95,0,6,1,34106824,0,84,0,0,34.5377,384,[84 -64 4 0 0 0 0 0 0 0 0 0 -3 1 -3 2 -1 1 -1 3 0 -1 1 0 0 2 0 0 3 2 1 0 -1 -1 2 0 3 1 1 1 3 0 3 1 3 2 1 1 4 1 3 0 6 0 1 1 5 1 6 0 6 0 5 1 0 0 5 1 6 1 6 -1 7 0 8 1 7 1 8 1 7 -1 8 1 6 2 8 0 8 -1 8 0 9 1 8 0 10 0 12 0 10 2 9 1 10 2 11 1 11 1 12 1 13 0 12 1 11 1 0 0 0 0 0 0 0 0 0 0 ]
CSI_DATA,AP,8C:4F:00:2D:7E:D4,-82,11,1,0,1,1,1,0,0,0,0,-95,0,6,1,34120615,0,84,0,0,34.5705,384,[84 -64 4 0 0 0 0 0 0 0 0 0 -1 -4 -2 -3 -1 -4 0 -3 -1 -1 -1 -1 -2 -1 -2 -1 -2 -1 -1 1 -3 1 -2 0 -2 0 -2 2 -2 3 -4 2 -4 1 -5 0 -4 1 -5 2 -5 2 -5 3 -6 0 -7 2 -6 3 -5 3 0 0 -6 2 -6 3 -6 4 -7 3 -6 2 -7 4 -8 3 -8 4 -8 3 -8 4 -9 5 -9 4 -9 5 -10 5 -9 4 -10 5 -8 4 -9 4 -10 4 -10 6 -11 3 -11 6 -11 5 -13 6 -13 5 -12 6 0 0 0 0 0 0 0 0 0 0 ]
CSI_DATA,AP,8C:4F:00:2D:7E:D4,-82,11,1,0,1,1,1,0,0,0,0,-95,0,6,1,34121043,0,84,0,0,34.6077,384,[84 -64 4 0 0 0 0 0 0 0 0 0 -3 -4 -4 -3 -4 -3 -1 -1 -3 1 -1 0 -2 -1 -2 0 -2 0 -1 0 -4 2 -2 3 -2 2 -2 2 -2 3 -3 2 -2 1 -3 3 -2 3 -3 3 -3 5 -4 4 -4 4 -4 5 -4 7 -3 5 0 0 -4 5 -4 6 -4 7 -3 7 -4 7 -5 7 -4 8 -5 8 -6 8 -5 8 -7 8 -6 8 -6 8 -6 9 -6 7 -7 10 -6 10 -6 10 -7 10 -6 8 -8 10 -8 10 -8 12 -9 12 -9 9 -9 10 0 0 0 0 0 0 0 0 0 0 ]
CSI_DATA,AP,8C:4F:00:2D:7E:D4,-82,11,1,0,1,1,1,0,0,0,0,-95,0,6,1,34123709,0,84,0,0,34.6445,384,[84 -64 4 0 0 0 0 0 0 0 0 0 0 -3 1 -2 0 -4 0 -3 -1 -1 0 -2 -1 -2 -1 -1 -1 -1 -2 0 -3 -1 -2 -2 -3 -1 -3 -1 -3 -1 -6 -2 -5 0 -4 -1 -5 -1 -4 -1 -4 -2 -5 -2 -5 -1 -6 -2 -5 -1 -7 -2 0 0 -7 -1 -6 -1 -8 -1 -7 -1 -8 -1 -8 -1 -8 -1 -8 -1 -9 -2 -10 -1 -9 -2 -10 0 -10 -2 -9 -2 -11 -2 -11 -2 -11 -3 -12 0 -11 0 -12 -1 -10 -2 -13 -2 -13 -4 -12 -3 -12 -2 -12 -2 0 0 0 0 0 0 0 0 0 0 ]
CSI_DATA,AP,8C:4F:00:2D:7E:D4,-82,11,1,0,1,1,1,0,0,0,0,-95,0,6,1,34124098,0,84,0,0,34.685,384,[84 -64 4 0 0 0 0 0 0 0 0 0 3 -3 2 -3 1 -3 2 -3 -1 -3 0 -3 -1 -1 1 -2 -2 -2 -2 -2 -2 -2 -3 -2 -3 -1 -3 -1 -2 0 -5 -1 -3 -2 -3 -1 -5 -2 -4 0 -5 -2 -5 -2 -6 -2 -5 -2 -7 -2 -5 -3 0 0 -6 -2 -7 -2 -8 -2 -7 -3 -8 -1 -6 -2 -7 -2 -8 -2 -8 -1 -9 -2 -9 -2 -9 -1 -10 -3 -8 -3 -10 -2 -11 -3 -11 -2 -11 -2 -11 -3 -10 -1 -12 -3 -13 -3 -12 -3 -13 -3 -13 -4 -12 -4 0 0 0 0 0 0 0 0 0 0 ]
CSI_DATA,AP,8C:4F:00:2D:7E:D4,-82,11,1,0,1,1,1,0,0,0,0,-95,0,6,1,34139679,0,84,0,0,34.7255,384,[84 -64 4 0 0 0 0 0 0 0 0 0 -3 2 -2 3 -1 2 -3 2 -2 0 -1 0 -1 0 0 1 0 1 -1 2 0 1 1 1 2 3 0 1 1 3 1 1 2 1 1 2 2 2 3 1 2 3 2 3 3 2 2 3 4 4 3 3 0 0 2 3 4 3 5 2 5 2 3 4 4 4 3 3 3 3 5 4 5 3 5 4 4 4 5 6 6 6 5 5 6 5 5 5 7 6 6 6 6 6 6 7 6 7 6 7 8 8 7 7 7 8 0 0 0 0 0 0 0 0 0 0 ]
CSI_DATA,AP,8C:4F:00:2D:7E:D4,-82,11,1,0,1,1,1,0,0,0,0,-95,0,6,1,34140167,0,84,0,0,34.7572,384,[84 -64 4 0 0 0 0 0 0 0 0 0 1 -4 1 -4 1 -2 2 -3 0 -2 -1 -2 -1 -2 -3 -2 -2 -2 0 -1 -3 -1 -2 -2 -3 -1 -2 0 -3 -2 -3 -1 -2 -1 -3 -2 -2 -1 -5 -3 -5 -1 -5 -2 -4 -2 -4 -1 -6 -2 -5 -2 0 0 -5 -2 -4 -2 -6 -3 -6 -2 -7 -1 -7 -1 -7 -1 -7 -2 -8 -3 -7 0 -8 -3 -8 -2 -9 -3 -9 -4 -9 -4 -9 -2 -10 -3 -9 -3 -10 -2 -10 -3 -8 -4 -11 -3 -11 -4 -12 -4 -11 -5 -11 -4 0 0 0 0 0 0 0 0 0 0 ]
CSI_DATA,AP,8C:4F:00:2D:7E:D4,-82,11,1,0,1,1,1,0,0,0,0,-95,0,6,1,34140564,0,84,0,0,34.7973,384,[84 -64 4 0 0 0 0 0 0 0 0 0 -3 -3 -3 -4 -2 -2 -4 -1 -4 -2 -3 -1 -1 0 0 -1 -1 -1 -1 2 -2 -1 -1 2 -2 0 -3 -1 -2 2 -1 2 -1 3 0 3 -2 4 -2 1 -2 5 -4 3 -3 2 -3 4 -4 5 -2 4 0 0 -3 6 -3 5 -3 7 -4 3 -4 5 -3 6 -4 7 -4 8 -4 5 -2 5 -4 9 -3 6 -4 8 -3 8 -5 9 -5 8 -5 10 -4 8 -5 10 -3 10 -6 10 -5 9 -4 11 -6 11 -4 9 -5 11 0 0 0 0 0 0 0 0 0 0 ]
CSI_DATA,AP,8C:4F:00:2D:7E:D4,-78,11,0,0,0,0,0,0,0,0,0,-95,0,6,1,34151752,0,84,0,0,34.8342,128,[84 -64 4 0 0 0 0 0 0 0 0 0 13 7 10 5 6 5 7 5 4 4 4 -3 6 -1 4 -2 -1 -3 3 -3 0 -6 -1 -11 2 -9 3 -5 2 -9 1 -14 0 -12 2 -12 2 -15 4 -15 1 -13 0 -18 1 -13 5 -14 3 -20 1 -20 0 0 3 -20 1 -22 2 -21 1 -22 1 -25 0 -26 3 -27 3 -25 2 -28 3 -28 4 -31 3 -28 2 -28 4 -29 4 -32 3 -34 3 -35 5 -35 8 -34 6 -35 5 -35 3 -39 7 -37 5 -40 5 -41 7 -42 0 0 0 0 0 0 0 0 0 0 ]
CSI_DATA,AP,8C:4F:00:2D:7E:D4,-82,11,1,0,1,1,1,0,0,0,0,-95,0,6,1,34223262,0,84,0,0,34.8731,384,[84 -64 4 0 0 0 0 0 0 0 0 0 -5 1 -2 1 -5 -1 -4 -1 -3 0 -2 -1 0 2 -1 1 0 1 0 0 0 3 0 1 -1 1 0 1 1 2 2 3 1 4 1 2 1 2 3 3 1 2 1 3 2 4 2 5 3 4 2 4 0 0 3 6 3 5 5 5 3 5 3 6 4 7 3 6 3 5 2 4 4 6 5 7 3 5 4 5 4 6 5 6 4 7 6 9 6 8 7 8 6 7 6 9 6 8 7 9 6 9 7 10 6 9 0 0 0 0 0 0 0 0 0 0 ]
CSI_DATA,AP,8C:4F:00:2D:7E:D4,-82,11,1,0,1,1,1,0,0,0,0,-95,0,6,1,34307413,0,84,0,0,34.9052,384,[84 -64 4 0 0 0 0 0 0 0 0 0 -4 0 -2 -1 -3 -1 -1 -1 -2 -1 -1 0 -1 0 0 0 0 0 1 1 0 1 1 2 1 3 0 2 1 2 0 2 2 4 0 4 1 4 1 3 1 4 2 5 1 5 1 6 1 7 0 7 0 0 1 6 2 6 2 7 4 6 2 7 3 8 1 8 3 8 2 8 4 7 3 8 3 7 3 8 3 9 3 9 3 10 3 11 5 10 4 10 5 9 4 11 3 10 5 10 5 11 4 11 4 11 0 0 0 0 0 0 0 0 0 0 ]
CSI_DATA,AP,8C:4F:00:2D:7E:D4,-79,11,0,0,0,0,0,0,0,0,0,-95,0,6,1,34343570,0,84,0,0,34.9381,128,[84 -64 4 0 0 0 0 0 0 0 0 0 12 -1 2 7 6 7 -8 -1 3 11 -6 9 -3 6 0 -2 -5 -3 3 -16 7 -4 12 -6 -5 -12 10 -2 2 -8 7 -11 4 -1 -6 -8 3 -10 -3 -18 1 -7 5 -13 4 -10 3 -13 4 -12 3 -15 0 0 1 -15 2 -17 0 -16 0 -15 2 -18 -2 -19 2 -17 0 -18 0 -18 0 -19 -1 -22 -2 -20 -1 -19 0 -20 -3 -21 -1 -23 -2 -24 -3 -24 -1 -23 -5 -25 -3 -23 -3 -25 -5 -26 -7 -28 -6 -26 -8 -27 0 0 0 0 0 0 0 0 0 0 ]
CSI_DATA,AP,8C:4F:00:2D:7E:D4,-83,11,1,0,1,1,1,0,0,0,0,-95,0,6,1,34422447,0,84,0,0,34.9787,384,[84 -64 4 0 0 0 0 0 0 0 0 0 -6 0 -4 2 -3 -1 -2 1 -2 2 0 0 0 0 0 0 -1 0 1 1 -1 1 0 2 1 3 1 2 0 3 1 2 1 4 2 4 2 5 1 5 2 6 2 4 1 4 -2 5 1 7 1 6 0 0 1 7 2 8 0 7 2 7 0 8 0 8 0 7 0 8 0 9 1 9 1 9 2 10 1 11 1 11 0 11 0 10 2 12 1 10 0 10 0 10 -2 12 -1 12 -1 11 -2 13 -1 12 -1 13 0 0 0 0 0 0 0 0 0 0 ]
CSI_DATA,AP,8C:4F:00:2D:7E:D4,-81,11,1,0,1,1,1,0,0,0,0,-95,0,6,1,34532351,0,84,0,0,35.0124,384,[84 -64 4 0 0 0 0 0 0 0 0 0 -4 0 -4 0 -4 0 -3 0 -3 1 -2 0 -2 1 0 -1 2 -1 0 1 1 1 2 0 2 2 2 -1 1 1 3 1 4 1 2 3 4 3 3 3 4 2 6 4 5 5 5 4 4 5 5 4 0 0 5 5 6 4 6 6 6 5 7 5 6 6 8 6 6 6 7 6 6 4 8 6 6 5 8 6 8 6 8 8 9 7 9 7 9 8 8 8 9 7 9 8 11 7 10 8 10 7 10 9 11 8 0 0 0 0 0 0 0 0 0 0 ]
CSI_DATA,AP,B4:8C:9D:03:45:E3,-82,11,0,0,0,0,0,0,0,0,0,-95,0,6,1,34573192,0,139,0,0,35.0447,128,[-117 -80 8 0 0 0 0 0 0 0 0 0 15 8 14 16 14 14 19 14 12 17 13 15 13 18 12 14 9 10 6 8 3 5 1 1 4 -7 4 -8 -1 -14 3 -19 0 -23 5 -18 4 -23 4 -26 2 -24 4 -22 3 -23 2 -20 0 -18 1 -15 0 0 -4 -2 -7 2 -6 4 -13 11 -16 12 -12 13 -15 17 -20 19 -18 19 -17 17 -20 16 -17 19 -17 18 -15 13 -16 8 -7 10 -3 6 -1 3 6 1 10 -2 14 -3 19 -3 23 -3 25 -9 30 -6 28 -3 0 0 0 0 0 0 0 0 0 0 ]
CSI_DATA,AP,B4:8C:9D:03:45:E3,-83,11,0,0,0,0,0,0,0,0,0,-95,0,6,1,34573439,0,157,0,0,35.0847,128,[-99 -48 9 0 0 0 0 0 0 0 0 0 -3 -22 -4 -25 0 -21 -3 -26 1 -24 4 -27 2 -17 1 -20 0 -18 -1 -12 -1 -8 -7 0 -7 -2 -10 3 -19 3 -17 7 -22 10 -21 9 -21 6 -24 11 -29 12 -26 5 -20 11 -25 8 -13 6 -11 3 0 0 0 1 5 7 10 5 10 1 17 9 21 8 20 5 27 10 23 8 22 11 25 8 26 15 22 10 20 7 11 6 13 4 7 2 1 -7 -3 -7 -7 -16 -9 -18 -7 -20 -9 -23 -7 -32 -9 -31 -8 -32 0 0 0 0 0 0 0 0 0 0 ]
CSI_DATA,AP,8C:4F:00:2D:7E:D4,-83,11,1,0,1,1,1,0,0,0,0,-95,0,6,1,34748812,0,84,0,0,35.1389,384,[84 -64 4 0 0 0 0 0 0 0 0 0 -5 0 -5 -1 -3 1 -4 1 -3 0 -2 0 -2 1 -1 1 0 -1 -1 1 -1 0 0 3 0 3 -2 2 0 2 0 3 1 3 0 2 1 3 0 3 1 4 -1 4 1 3 1 5 1 5 0 4 0 0 1 4 2 5 1 6 2 4 1 5 2 7 0 7 1 7 3 7 2 8 4 7 3 7 3 7 4 7 4 7 3 8 5 9 4 8 5 7 5 8 3 10 4 9 5 10 6 12 3 10 4 10 0 0 0 0 0 0 0 0 0 0 ]
CSI_DATA,AP,8C:4F:00:2D:7E:D4,-83,11,1,0,1,1,1,0,0,0,0,-95,0,6,1,34761384,0,84,0,0,35.1633,384,[84 -64 4 0 0 0 0 0 0 0 0 0 3 3 2 3 2 3 1 1 1 1 1 0 0 1 1 1 1 -1 1 0 0 -1 3 0 3 -1 3 -2 3 -1 2 -1 1 -2 2 -2 3 -3 2 -3 2 -3 3 -3 2 -2 5 -3 5 -3 3 -3 0 0 5 -4 6 -5 5 -5 3 -4 6 -3 5 -5 7 -5 6 -4 5 -5 6 -4 5 -5 6 -5 7 -7 7 -6 7 -6 7 -4 9 -6 8 -5 8 -5 8 -7 10 -4 10 -6 11 -5 11 -7 10 -5 10 -5 0 0 0 0 0 0 0 0 0 0 ]
CSI_DATA,AP,8C:4F:00:2D:7E:D4,-79,11,0,0,0,0,0,0,0,0,0,-95,0,6,1,34812265,0,84,0,0,35.2023,128,[84 -64 4 0 0 0 0 0 0 0 0 0 18 -32 11 -23 15 -25 8 -22 6 -21 5 -16 -1 -12 0 -15 -4 -4 -8 -6 -8 -8 -10 -9 -13 -7 -9 -7 -15 -12 -23 -10 -21 -18 -16 -3 -22 -5 -24 5 -31 -16 -33 -15 -41 -8 -34 -5 -31 -11 -36 -11 0 0 -38 -10 -39 -5 -48 -11 -42 -9 -39 -10 -54 -9 -42 -16 -48 -11 -51 -16 -48 -20 -54 -12 -52 -6 -53 -14 -59 -11 -56 -16 -63 -15 -67 -15 -66 -14 -66 -19 -70 -15 -71 -17 -75 -15 -74 -17 -72 -22 -71 -14 -76 -22 0 0 0 0 0 0 0 0 0 0 ]
CSI_DATA,AP,8C:4F:00:2D:7E:D4,-82,11,1,0,1,1,1,0,0,0,0,-95,0,6,1,34823966,0,84,0,0,35.2449,384,[84 -64 4 0 0 0 0 0 0 0 0 0 -2 3 -3 3 -3 2 -4 2 -2 1 -2 1 -3 2 -2 1 -2 -1 1 1 2 3 0 1 1 2 0 3 1 2 3 3 2 2 1 4 1 1 4 3 4 2 4 3 3 3 4 2 4 4 5 2 0 0 5 3 6 2 5 2 7 2 7 3 8 3 7 5 8 2 6 3 7 3 7 2 7 4 9 4 8 2 9 4 9 4 11 3 11 3 10 4 10 2 11 6 10 5 11 4 12 4 11 6 11 5 0 0 0 0 0 0 0 0 0 0 ]
CSI_DATA,AP,8C:4F:00:2D:7E:D4,-82,11,1,0,1,1,1,0,0,0,0,-95,0,6,1,34827202,0,84,0,0,35.2772,384,[84 -64 4 0 0 0 0 0 0 0 0 0 -3 -4 -3 -4 -2 -3 -3 -4 -3 -2 -4 -2 -2 -2 -1 -3 -2 -3 -1 0 -2 -1 -2 -2 -2 0 -2 0 -4 1 -2 0 -3 0 -3 2 -3 1 -3 2 -5 3 -3 4 -3 2 -4 4 -5 2 -5 1 0 0 -6 5 -6 2 -6 3 -5 4 -5 3 -5 4 -7 4 -5 4 -6 5 -7 5 -8 4 -7 4 -8 5 -7 6 -10 4 -9 5 -10 6 -9 6 -8 5 -8 5 -9 6 -9 4 -10 5 -10 6 -10 5 -10 6 0 0 0 0 0 0 0 0 0 0 ]
CSI_DATA,AP,8C:4F:00:2D:7E:D4,-81,11,1,0,1,1,1,0,0,0,0,-95,0,6,1,34843384,0,84,0,0,35.3143,384,[84 -64 4 0 0 0 0 0 0 0 0 0 4 -3 3 -3 2 -2 3 -3 2 -3 2 -1 1 -2 1 -2 0 -1 0 -2 -1 -3 -1 -2 -2 -2 -2 -4 -3 -1 -3 -1 -3 -2 -2 -1 -4 0 -4 -2 -3 -2 -5 -1 -4 -1 -6 -2 -5 -1 -5 -2 0 0 -4 1 -7 0 -7 0 -8 -1 -7 1 -7 1 -8 1 -7 1 -8 2 -8 1 -8 2 -7 3 -8 4 -8 5 -8 4 -7 4 -10 6 -8 7 -9 6 -6 6 -9 7 -2 11 -11 16 -5 7 -5 14 -7 4 0 0 0 0 0 0 0 0 0 0 ]
CSI_DATA,AP,8C:4F:00:2D:7E:D4,-82,11,1,0,1,1,1,0,0,0,0,-95,0,6,1,34913821,0,84,0,0,35.3518,384,[84 -64 4 0 0 0 0 0 0 0 0 0 -1 4 -2 5 -1 4 -2 2 -1 3 -1 3 -1 3 0 1 0 2 1 1 0 1 1 3 -1 -1 3 1 2 2 1 2 3 2 3 1 1 2 2 1 4 0 3 2 4 2 4 2 4 1 5 2 0 0 6 3 5 2 6 0 6 2 6 1 7 2 7 2 8 1 7 2 8 1 8 0 7 2 7 2 8 3 9 1 8 1 10 3 11 4 10 3 11 3 10 4 12 2 13 3 13 4 12 3 13 4 0 0 0 0 0 0 0 0 0 0 ]
CSI_DATA,AP,8C:4F:00:2D:7E:D4,-82,11,1,0,1,1,1,0,0,0,0,-95,0,6,1,34914881,0,84,0,0,35.3845,384,[84 -64 4 0 0 0 0 0 0 0 0 0 3 -5 3 -3 3 -4 1 -2 1 -5 1 -2 -1 -2 -1 -3 1 -2 -1 -1 -1 -2 -2 -1 -1 -2 -2 -4 -2 -4 -4 -3 -1 -3 -2 -4 -3 -3 -5 -4 0 -3 -4 -3 -6 -4 -5 -3 -5 -4 -5 -4 0 0 -6 -4 -6 -4 -7 -4 -6 -6 -5 -3 -6 -3 -6 -4 -8 -5 -7 -4 -6 -6 -7 -3 -7 -5 -7 -4 -8 -5 -9 -7 -10 -5 -10 -6 -8 -5 -10 -7 -11 -5 -10 -8 -9 -7 -9 -6 -11 -8 -9 -9 -11 -8 0 0 0 0 0 0 0 0 0 0 ]
CSI_DATA,AP,8C:4F:00:2D:7E:D4,-83,11,1,0,1,1,1,0,0,0,0,-95,0,6,1,34915226,0,84,0,0,35.4245,384,[84 -64 4 0 0 0 0 0 0 0 0 0 3 -2 4 -1 2 -3 4 -2 2 -1 2 -1 2 -1 -1 0 1 -1 2 -2 2 -3 0 -2 -1 -1 -1 -3 0 -5 -3 -3 -2 -2 -2 -2 -2 -3 -2 -4 -2 -3 -2 -4 -3 -4 -2 -5 -2 -5 -3 -6 0 0 -4 -6 -4 -5 -2 -6 -4 -6 -3 -6 -3 -7 -2 -7 -3 -8 -4 -7 -3 -6 -4 -7 -3 -9 -3 -7 -4 -11 -3 -9 -3 -9 -6 -10 -6 -9 -3 -10 -5 -10 -4 -11 -5 -11 -4 -11 -5 -12 -4 -11 -4 -12 0 0 0 0 0 0 0 0 0 0 ]
CSI_DATA,AP,8C:4F:00:2D:7E:D4,-82,11,1,0,1,1,1,0,0,0,0,-95,0,6,1,34942513,0,84,0,0,35.4643,384,[84 -64 4 0 0 0 0 0 0 0 0 0 -5 1 -4 1 -6 1 -4 1 -3 1 -4 -1 -3 1 -2 0 -2 1 -2 1 -1 2 0 0 0 1 -2 1 0 1 -1 4 -2 2 -1 2 -2 3 -1 4 1 2 0 3 0 3 0 4 0 5 1 5 0 0 -1 6 0 5 0 7 0 5 -1 6 0 6 0 7 -1 7 0 5 1 8 0 7 -1 8 -2 9 -1 9 -1 8 -1 9 -2 11 -1 10 -2 9 -1 10 -2 10 -3 11 -2 11 -2 13 -3 11 -2 11 0 0 0 0 0 0 0 0 0 0 ]
CSI_DATA,AP,8C:4F:00:2D:7E:D4,-82,11,1,0,1,1,1,0,0,0,0,-95,0,6,1,34960234,0,84,0,0,35.4993,384,[84 -64 4 0 0 0 0 0 0 0 0 0 -3 -5 -2 -3 -1 -5 -2 -4 0 -2 -1 -3 -1 -4 -1 -3 -3 -1 -1 -3 -2 -2 -2 -1 -3 0 -3 1 -2 0 -5 0 -3 -1 -2 0 -4 -1 -5 3 -4 -1 -4 0 -6 -1 -7 1 -6 0 -7 -1 0 0 -7 0 -5 0 -6 -1 -7 -1 -7 0 -8 0 -9 1 -8 -2 -7 1 -5 -2 -10 2 -8 -1 -9 -1 -9 0 -11 -1 -11 -1 -12 0 -10 -1 -10 0 -11 -1 -12 -2 -12 -1 -12 -1 -13 -2 -11 -4 -15 -1 0 0 0 0 0 0 0 0 0 0 ]
CSI_DATA,AP,8C:4F:00:2D:7E:D4,-82,11,1,0,1,1,1,0,0,0,0,-95,0,6,1,34960580,0,84,0,0,35.5388,384,[84 -64 4 0 0 0 0 0 0 0 0 0 5 -2 3 -2 2 -2 2 -1 3 -2 3 -1 1 -1 0 -3 0 -2 0 -2 0 -1 1 -4 -1 -4 -1 -3 0 -2 -2 -3 -3 -4 -1 -2 -2 -3 -2 -4 -2 -6 -1 -5 -1 -4 -3 -4 -2 -5 -3 -5 0 0 -4 -5 -4 -7 -2 -6 -4 -6 -5 -6 -4 -7 -5 -6 -4 -8 -5 -6 -4 -6 -6 -6 -5 -8 -5 -9 -4 -7 -5 -7 -7 -8 -6 -7 -7 -8 -6 -9 -8 -8 -6 -10 -7 -9 -7 -10 -8 -10 -6 -12 -7 -11 0 0 0 0 0 0 0 0 0 0 ]
CSI_DATA,AP,8C:4F:00:2D:7E:D4,-82,11,1,0,1,1,1,0,0,0,0,-95,0,6,1,34960899,0,84,0,0,35.5782,384,[84 -64 4 0 0 0 0 0 0 0 0 0 -5 -2 -5 -4 -5 -2 -4 -3 -3 -1 -4 -2 -2 -1 -3 0 -2 -2 -3 -1 -2 -1 0 1 -3 1 -1 1 -3 1 -1 0 -1 2 -2 1 -2 2 -3 4 -3 2 -4 4 -2 3 -2 4 -4 3 -3 4 0 0 -4 5 -4 7 -3 4 -4 5 -4 4 -3 5 -4 7 -1 7 -3 6 -2 8 -4 7 -4 7 -3 8 -3 8 -4 8 -4 7 -4 9 -2 9 -4 9 -4 9 -6 10 -5 9 -5 10 -7 12 -6 12 -6 11 0 0 0 0 0 0 0 0 0 0 ]
CSI_DATA,AP,8C:4F:00:2D:7E:D4,-79,11,0,0,0,0,0,0,0,0,0,-95,0,6,1,34962066,0,84,0,0,35.615,128,[84 -64 4 0 0 0 0 0 0 0 0 0 8 7 10 8 6 6 5 8 5 4 4 3 4 2 2 2 6 -1 3 1 4 0 3 -1 5 -4 6 0 4 -3 4 -2 5 -3 5 -5 4 -7 6 -4 2 -8 6 -10 3 -7 5 -10 8 -11 9 -10 0 0 8 -11 3 -12 9 -13 5 -15 5 -15 6 -17 7 -16 5 -15 6 -15 9 -17 7 -17 4 -17 8 -19 8 -20 8 -20 8 -21 12 -20 10 -19 8 -21 7 -23 11 -22 12 -24 12 -24 12 -26 13 -29 13 -25 0 0 0 0 0 0 0 0 0 0 ]
CSI_DATA,AP,8C:4F:00:2D:7E:D4,-79,11,0,0,0,0,0,0,0,0,0,-95,0,6,1,34964402,0,84,0,0,35.6529,128,[84 -64 4 0 0 0 0 0 0 0 0 0 -8 6 -8 7 -7 4 -10 6 -5 6 -4 3 -4 5 -3 5 0 3 0 3 1 3 2 5 0 4 1 3 1 6 3 4 2 5 4 3 4 5 5 5 5 7 8 8 6 8 5 7 4 7 7 8 0 0 6 9 10 11 7 11 8 9 11 11 7 10 12 11 9 12 9 13 6 10 11 13 9 13 10 15 11 15 11 12 11 16 12 17 10 18 13 17 12 16 12 17 13 18 12 20 13 22 11 19 13 21 0 0 0 0 0 0 0 0 0 0 ]
CSI_DATA,AP,8C:4F:00:2D:7E:D4,-79,11,0,0,0,0,0,0,0,0,0,-95,0,6,1,35058864,0,84,0,0,35.6885,128,[84 -64 4 0 0 0 0 0 0 0 0 0 9 -2 9 -4 8 -2 6 -2 6 -3 5 -2 5 -3 6 -4 3 -3 1 -5 3 -4 1 -5 3 -5 3 -6 2 -7 -1 -6 -1 -7 0 -6 0 -7 1 -9 0 -9 -2 -10 1 -7 -1 -9 -2 -11 -1 -13 0 0 -3 -12 -2 -13 -1 -15 -3 -15 -4 -13 -3 -15 -3 -15 -3 -15 -1 -13 -5 -18 -2 -20 -3 -17 -4 -19 0 -17 -4 -20 -3 -21 -3 -22 -1 -20 -2 -21 -4 -22 0 -24 -4 -23 -2 -24 -3 -26 -2 -23 -1 -25 0 0 0 0 0 0 0 0 0 0 ]
CSI_DATA,AP,8C:4F:00:2D:7E:D4,-78,11,1,0,1,1,1,0,0,0,0,-96,0,6,1,93977301,0,84,0,0,94.3678,384,[84 -64 4 0 0 0 0 0 0 0 0 0 20 5 24 7 27 8 27 8 26 5 21 7 21 10 20 5 22 7 20 6 24 8 20 6 24 8 20 6 20 4 22 9 20 7 18 4 15 6 18 6 16 8 19 6 15 6 15 6 17 8 16 10 0 0 14 7 14 6 18 5 13 3 13 3 15 3 12 4 12 5 13 1 12 1 12 2 9 1 10 1 13 1 10 2 8 1 13 0 8 -1 8 0 10 -1 10 -2 5 0 7 -2 7 -1 4 -1 6 -4 0 0 0 0 0 0 0 0 0 0 ]
CSI_DATA,AP,8C:4F:00:2D:7E:D4,-77,11,1,0,1,1,1,0,0,0,0,-96,0,6,1,93984162,0,84,0,0,94.3953,384,[84 -64 4 0 0 0 0 0 0 0 0 0 13 13 13 14 13 16 14 18 12 16 10 15 11 15 11 13 9 12 10 13 9 15 9 13 11 13 9 14 10 12 9 15 9 11 10 11 8 11 9 12 10 11 6 11 6 8 7 14 8 11 8 10 0 0 6 10 7 9 9 10 5 10 5 9 6 9 6 7 7 8 7 6 6 7 7 8 5 6 7 6 5 5 6 4 7 5 6 3 5 4 3 3 6 4 5 3 4 4 5 1 6 2 3 1 5 2 0 0 0 0 0 0 0 0 0 0 ]
CSI_DATA,AP,8C:4F:00:2D:7E:D4,-78,11,1,0,1,1,1,0,0,0,0,-96,0,6,1,93984620,0,84,0,0,94.4294,384,[84 -64 4 0 0 0 0 0 0 0 0 0 28 3 23 2 28 4 30 6 24 2 24 3 25 3 22 3 21 6 20 3 24 6 23 4 25 6 23 7 22 5 22 5 21 8 19 6 20 8 20 4 20 8 19 3 14 5 19 4 19 6 17 5 0 0 14 7 17 4 16 4 15 4 16 4 15 4 15 4 14 3 12 3 10 1 12 2 12 1 15 1 12 1 10 2 9 1 11 -1 12 -3 9 1 7 -2 8 1 7 -1 7 0 8 -2 8 -2 5 -2 0 0 0 0 0 0 0 0 0 0 ]
CSI_DATA,AP,8C:4F:00:2D:7E:D4,-78,11,1,0,1,1,1,0,0,0,0,-96,0,6,1,93991388,0,84,0,0,94.4648,384,[84 -64 4 0 0 0 0 0 0 0 0 0 27 4 26 1 30 4 27 5 28 5 25 6 25 4 21 2 25 2 24 5 24 4 22 3 24 7 23 6 22 5 22 7 22 8 18 6 22 7 16 6 19 2 21 1 18 3 18 7 20 5 16 4 0 0 16 3 20 2 16 2 17 0 15 4 17 2 14 1 15 2 13 1 11 1 14 1 11 0 11 0 12 1 9 0 11 0 11 1 12 -2 11 -1 9 -3 9 0 7 -2 8 -1 9 -1 9 -3 5 -3 0 0 0 0 0 0 0 0 0 0 ]
CSI_DATA,AP,8C:4F:00:2D:7E:D4,-77,11,1,0,1,1,1,0,0,0,0,-96,0,6,1,93991830,0,84,0,0,94.5004,384,[84 -64 4 0 0 0 0 0 0 0 0 0 -18 22 -16 21 -18 22 -18 25 -15 19 -20 19 -16 16 -16 13 -17 19 -17 18 -17 20 -17 17 -20 18 -17 16 -18 12 -16 15 -17 15 -15 13 -15 16 -15 14 -15 13 -14 14 -15 10 -19 13 -14 12 -16 12 0 0 -14 13 -13 11 -11 12 -10 12 -12 14 -10 11 -9 11 -9 11 -10 11 -7 10 -7 11 -9 12 -6 11 -9 10 -6 6 -8 9 -8 10 -7 10 -6 10 -4 9 -5 7 -5 6 -5 6 -2 7 -2 7 -2 7 0 0 0 0 0 0 0 0 0 0 ]
CSI_DATA,AP,8C:4F:00:2D:7E:D4,-77,11,1,0,1,1,1,0,0,0,0,-96,0,6,1,93994526,0,84,0,0,94.5426,384,[84 -64 4 0 0 0 0 0 0 0 0 0 12 24 9 25 11 23 9 27 11 23 9 21 7 22 10 22 8 23 10 20 6 23 8 22 9 25 8 22 8 21 3 21 7 22 6 19 5 18 6 21 4 18 7 18 5 16 5 17 7 19 5 19 0 0 5 16 10 18 6 16 6 13 6 12 7 15 6 14 5 11 7 12 5 11 9 12 2 13 4 12 7 10 3 8 7 10 6 9 5 8 6 9 6 8 5 8 5 7 7 5 7 7 6 4 5 3 0 0 0 0 0 0 0 0 0 0 ]
CSI_DATA,AP,8C:4F:00:2D:7E:D4,-77,11,1,0,1,1,1,0,0,0,0,-96,0,6,1,93994947,0,84,0,0,94.5778,384,[84 -64 4 0 0 0 0 0 0 0 0 0 15 22 15 20 19 23 17 25 17 21 12 22 12 23 13 19 11 19 16 21 13 21 13 22 13 23 11 19 12 20 12 21 11 19 10 14 13 16 11 20 11 21 10 14 6 14 7 14 12 17 10 16 0 0 9 14 11 15 8 12 13 13 8 13 7 12 10 10 10 10 11 12 11 10 8 11 10 9 9 9 8 10 7 10 7 8 10 8 7 7 9 6 6 6 6 5 7 4 8 4 7 5 7 1 5 3 0 0 0 0 0 0 0 0 0 0 ]
CSI_DATA,AP,8C:4F:00:2D:7E:D4,-77,11,1,0,1,1,1,0,0,0,0,-96,0,6,1,93997344,0,84,0,0,94.615,384,[84 -64 4 0 0 0 0 0 0 0 0 0 11 -17 10 -16 10 -17 10 -18 9 -16 9 -15 10 -15 12 -13 12 -14 12 -16 10 -16 11 -13 12 -13 11 -11 9 -14 11 -14 11 -14 8 -12 11 -9 10 -13 10 -12 9 -13 9 -7 8 -12 9 -12 10 -11 0 0 9 -13 8 -10 8 -12 7 -10 7 -9 7 -10 8 -9 6 -9 6 -9 7 -9 5 -7 7 -8 5 -8 7 -8 2 -8 5 -7 6 -8 4 -9 3 -8 4 -5 3 -6 3 -5 1 -7 2 -6 2 -7 1 -7 0 0 0 0 0 0 0 0 0 0 ]
CSI_DATA,AP,8C:4F:00:2D:7E:D4,-77,11,1,0,1,1,1,0,0,0,0,-96,0,6,1,93997980,0,84,0,0,94.6546,384,[84 -64 4 0 0 0 0 0 0 0 0 0 19 10 19 11 20 11 20 12 19 10 18 14 18 12 15 10 17 10 15 11 18 11 14 14 15 13 16 11 14 11 15 11 14 10 12 7 14 11 15 9 12 8 12 12 9 9 9 10 10 11 12 12 0 0 9 11 11 9 14 9 10 5 9 10 10 7 9 8 10 8 9 7 8 5 8 5 9 7 9 6 6 5 7 4 8 4 10 4 8 4 8 3 7 1 7 6 5 2 7 1 9 1 5 3 7 0 0 0 0 0 0 0 0 0 0 0 ]
CSI_DATA,AP,8C:4F:00:2D:7E:D4,-77,11,1,0,1,1,1,0,0,0,0,-96,0,6,1,94139940,0,84,0,0,94.6904,384,[84 -64 4 0 0 0 0 0 0 0 0 0 16 18 13 19 19 17 21 18 18 17 11 16 14 19 10 16 15 12 16 12 16 16 13 15 16 20 12 18 15 18 16 17 12 14 11 15 16 17 13 18 13 15 10 12 12 11 11 11 13 13 8 11 0 0 11 13 12 9 15 14 6 10 12 5 16 13 14 8 12 13 10 3 14 9 14 5 9 3 11 6 10 6 11 6 13 3 7 7 12 4 9 2 11 1 10 1 11 1 9 0 9 1 10 3 7 1 0 0 0 0 0 0 0 0 0 0 ]
CSI_DATA,AP,8C:4F:00:2D:7E:D4,-78,11,1,0,1,1,1,0,0,0,0,-96,0,6,1,94162213,0,84,0,0,94.7279,384,[84 -64 4 0 0 0 0 0 0 0 0 0 15 -24 21 -23 18 -24 18 -22 17 -22 18 -19 18 -21 17 -20 16 -20 16 -19 16 -20 17 -19 19 -17 15 -19 17 -17 15 -17 18 -17 15 -17 17 -17 14 -18 15 -14 13 -17 12 -15 14 -18 15 -16 14 -17 0 0 12 -13 11 -16 13 -12 9 -15 10 -15 8 -15 9 -16 10 -15 9 -13 6 -12 7 -14 8 -11 5 -13 4 -12 4 -13 4 -12 4 -15 3 -13 3 -12 2 -14 3 -10 3 -10 3 -10 -2 -10 1 -8 -1 -9 0 0 0 0 0 0 0 0 0 0 ]
CSI_DATA,AP,8C:4F:00:2D:7E:D4,-77,11,1,0,1,1,1,0,0,0,0,-96,0,6,1,94906511,0,84,0,0,95.2967,384,[84 -64 4 0 0 0 0 0 0 0 0 0 8 -29 4 -29 8 -29 12 -30 7 -29 12 -27 8 -28 8 -24 10 -24 9 -24 13 -25 8 -23 10 -26 6 -26 11 -22 11 -24 9 -22 7 -19 9 -18 11 -22 7 -18 9 -20 7 -16 4 -19 8 -19 8 -19 0 0 9 -18 8 -17 6 -20 7 -18 5 -17 3 -15 4 -16 4 -14 3 -16 2 -13 3 -16 3 -15 4 -14 1 -17 1 -15 2 -14 1 -16 2 -12 1 -12 2 -13 6 -12 1 -11 0 -10 1 -10 0 -8 0 -6 0 0 0 0 0 0 0 0 0 0 ]
CSI_DATA,AP,8C:4F:00:2D:7E:D4,-78,11,1,0,1,1,1,0,0,0,0,-96,0,6,1,94907011,0,84,0,0,95.3286,384,[84 -64 4 0 0 0 0 0 0 0 0 0 -29 -4 -24 -6 -28 -8 -29 -8 -26 -5 -27 -3 -24 -6 -21 1 -21 -2 -23 0 -22 -2 -24 -6 -24 -1 -24 -7 -21 -6 -21 -6 -21 -2 -23 -2 -20 -7 -21 -5 -21 -3 -20 -7 -14 -1 -20 -6 -20 -4 -16 -6 0 0 -17 -4 -15 1 -16 -6 -14 -2 -11 -3 -16 1 -9 -2 -11 3 -14 3 -11 2 -9 -2 -11 -2 -15 -1 -9 -3 -15 0 -12 1 -12 1 -9 3 -13 2 -9 0 -16 1 -8 -1 -10 3 -7 5 -8 -2 -9 1 0 0 0 0 0 0 0 0 0 0 ]
CSI_DATA,AP,8C:4F:00:2D:7E:D4,-78,11,1,0,1,1,1,0,0,0,0,-96,0,6,1,94908600,0,84,0,0,95.3709,384,[84 -64 4 0 0 0 0 0 0 0 0 0 20 22 21 19 24 21 23 21 20 21 18 21 18 19 15 19 16 20 17 18 17 19 14 18 14 17 16 19 15 16 13 20 15 16 12 16 14 16 15 17 8 15 14 15 12 14 11 15 15 16 12 15 0 0 11 11 11 13 13 16 11 10 13 13 16 12 12 11 9 7 10 10 10 6 10 10 12 9 10 9 10 8 9 8 7 7 10 8 7 4 9 6 6 5 6 6 9 4 9 6 7 2 6 1 6 4 0 0 0 0 0 0 0 0 0 0 ]
CSI_DATA,AP,8C:4F:00:2D:7E:D4,-78,11,1,0,1,1,1,0,0,0,0,-96,0,6,1,94909864,0,84,0,0,95.4084,384,[84 -64 4 0 0 0 0 0 0 0 0 0 -23 -26 -21 -24 -25 -24 -24 -28 -22 -28 -21 -23 -19 -24 -15 -25 -15 -28 -16 -21 -14 -22 -17 -25 -14 -23 -15 -25 -13 -23 -16 -21 -14 -22 -12 -21 -13 -22 -12 -22 -13 -21 -10 -19 -11 -18 -13 -19 -14 -22 -15 -19 0 0 -12 -16 -10 -17 -10 -21 -10 -16 -11 -13 -9 -19 -12 -15 -11 -12 -9 -13 -12 -13 -11 -15 -9 -12 -9 -12 -11 -11 -9 -11 -9 -10 -12 -12 -9 -10 -11 -9 -7 -9 -8 -9 -8 -10 -7 -10 -12 -6 -6 -7 -8 -7 0 0 0 0 0 0 0 0 0 0 ]
CSI_DATA,AP,8C:4F:00:2D:7E:D4,-78,11,1,0,1,1,1,0,0,0,0,-96,0,6,1,94910329,0,84,0,0,95.4558,384,[84 -64 4 0 0 0 0 0 0 0 0 0 -21 26 -18 23 -16 25 -20 27 -17 25 -18 20 -17 20 -16 19 -21 18 -17 18 -19 19 -17 17 -20 21 -19 17 -18 15 -19 19 -17 17 -15 13 -18 14 -14 18 -15 13 -16 13 -15 10 -14 13 -18 14 -16 13 0 0 -14 11 -16 12 -13 14 -14 9 -11 10 -16 11 -11 9 -12 7 -10 13 -9 10 -9 11 -11 12 -10 8 -9 11 -10 10 -5 7 -8 7 -5 10 -10 12 -5 7 -9 9 -8 11 -5 9 -5 9 -4 6 -5 6 0 0 0 0 0 0 0 0 0 0 ]
CSI_DATA,AP,8C:4F:00:2D:7E:D4,-78,11,1,0,1,1,1,0,0,0,0,-96,0,6,1,94915503,0,84,0,0,95.4983,384,[84 -64 4 0 0 0 0 0 0 0 0 0 11 -27 15 -25 12 -31 15 -30 12 -25 15 -26 12 -25 15 -22 12 -20 11 -22 12 -24 14 -23 13 -22 12 -20 8 -23 13 -23 14 -20 10 -19 12 -19 9 -18 10 -18 11 -19 7 -16 9 -20 10 -19 7 -19 0 0 6 -15 5 -18 5 -18 3 -13 9 -15 7 -14 3 -14 4 -16 3 -14 1 -13 0 -13 2 -14 2 -16 1 -17 3 -13 -1 -12 0 -13 -1 -15 1 -12 1 -10 0 -11 -2 -9 1 -10 -1 -12 -1 -9 -1 -9 0 0 0 0 0 0 0 0 0 0 ]
CSI_DATA,AP,8C:4F:00:2D:7E:D4,-78,11,1,0,1,1,1,0,0,0,0,-96,0,6,1,94917385,0,84,0,0,95.5405,384,[84 -64 4 0 0 0 0 0 0 0 0 0 29 9 28 12 30 13 28 10 28 10 22 11 24 10 20 10 23 13 21 11 22 15 21 13 21 11 21 12 18 9 21 13 20 11 18 7 17 10 18 11 18 7 18 9 14 6 17 8 18 11 17 11 0 0 15 6 17 6 17 4 15 5 14 3 13 4 16 7 15 4 13 4 12 2 16 3 10 6 13 6 14 1 10 4 9 1 13 3 12 0 11 1 10 0 11 3 12 1 7 0 8 -1 9 1 5 -2 0 0 0 0 0 0 0 0 0 0 ]
CSI_DATA,AP,8C:4F:00:2D:7E:D4,-78,11,1,0,1,1,1,0,0,0,0,-96,0,6,1,94917795,0,84,0,0,95.5775,384,[84 -64 4 0 0 0 0 0 0 0 0 0 8 30 4 26 5 31 5 32 3 26 1 25 2 25 1 24 0 24 3 23 2 24 2 26 3 26 2 24 3 23 2 24 0 19 1 21 4 23 1 21 1 20 3 19 0 19 1 19 2 19 2 19 0 0 3 17 4 17 6 17 4 13 2 14 5 18 6 16 2 14 4 14 3 12 5 12 3 13 4 11 5 11 6 13 5 11 8 10 5 10 5 8 5 7 6 8 5 6 5 8 5 7 3 8 5 7 0 0 0 0 0 0 0 0 0 0 ]
CSI_DATA,AP,8C:4F:00:2D:7E:D4,-78,11,1,0,1,1,1,0,0,0,0,-96,0,6,1,94922391,0,84,0,0,95.6123,384,[84 -64 4 0 0 0 0 0 0 0 0 0 9 -28 9 -30 9 -29 10 -29 13 -26 15 -26 7 -23 11 -22 12 -23 10 -21 14 -24 9 -23 12 -23 10 -24 8 -19 10 -21 12 -23 8 -16 11 -21 10 -20 9 -17 8 -19 7 -18 8 -19 7 -19 8 -15 0 0 7 -17 6 -20 7 -18 4 -15 6 -18 4 -17 7 -15 3 -15 3 -16 3 -14 4 -14 1 -14 3 -13 2 -14 2 -12 2 -12 1 -13 0 -15 1 -10 0 -10 1 -12 -2 -12 -1 -9 0 -10 -2 -8 0 -9 0 0 0 0 0 0 0 0 0 0 ]
CSI_DATA,AP,8C:4F:00:2D:7E:D4,-73,11,0,0,0,0,0,0,0,0,0,-96,0,6,1,94981206,0,84,0,0,95.6536,128,[84 -64 4 0 0 0 0 0 0 0 0 0 30 5 29 8 31 10 30 9 28 10 27 9 28 7 23 8 25 8 25 8 27 8 25 9 24 9 21 7 21 6 23 6 22 6 22 5 20 6 21 6 19 6 19 5 17 4 20 5 22 7 21 5 0 0 18 3 19 4 22 0 18 1 15 1 18 5 18 3 16 1 22 -1 22 -1 18 1 14 1 14 1 13 1 14 3 13 0 13 1 13 -2 13 -1 12 -1 11 0 11 -3 12 -2 11 -2 10 -4 11 -4 0 0 0 0 0 0 0 0 0 0 ]
CSI_DATA,AP,8C:4F:00:2D:7E:D4,-74,11,0,0,0,0,0,0,0,0,0,-96,0,6,1,95018744,0,84,0,0,95.6902,128,[84 -64 4 0 0 0 0 0 0 0 0 0 32 14 29 11 29 12 30 12 27 14 27 15 26 11 24 13 23 11 21 14 26 14 26 13 22 14 23 13 21 13 24 15 21 11 19 12 20 12 20 12 18 10 21 10 18 10 16 12 21 10 18 10 0 0 18 8 16 10 20 11 17 8 16 11 16 9 18 9 14 8 14 7 14 8 15 7 14 4 14 7 14 6 13 7 14 7 14 8 11 4 10 7 12 4 12 6 11 5 9 4 10 6 10 3 10 4 0 0 0 0 0 0 0 0 0 0 ]
CSI_DATA,AP,8C:4F:00:2D:7E:D4,-78,11,0,0,0,0,0,0,0,0,0,-96,0,6,1,96250907,0,84,0,0,96.6412,128,[84 -64 4 0 0 0 0 0 0 0 0 0 -28 16 -31 16 -31 15 -34 16 -28 13 -28 12 -26 13 -26 7 -26 10 -26 7 -27 9 -26 9 -23 10 -23 9 -25 7 -26 10 -24 9 -19 6 -24 8 -21 7 -20 7 -21 4 -18 4 -17 6 -18 8 -18 4 0 0 -18 6 -16 8 -16 8 -15 6 -11 7 -14 5 -14 6 -13 7 -11 8 -12 10 -10 7 -11 7 -7 8 -8 8 -9 8 -8 11 -10 9 -8 8 -8 10 -6 9 -7 8 -4 9 -6 10 -4 9 -3 12 -4 13 0 0 0 0 0 0 0 0 0 0 ]
CSI_DATA,AP,8C:4F:00:2D:7E:D4,-83,11,1,0,1,1,1,0,0,0,0,-96,0,6,1,96252712,0,84,0,0,96.6729,384,[84 -64 4 0 0 0 0 0 0 0 0 0 3 -40 1 -39 -1 -52 13 -53 6 -58 17 -36 -2 -51 12 -41 17 -42 13 -30 13 -45 16 -31 23 -35 10 -36 11 -43 15 -40 2 -25 15 -25 6 -29 13 -36 22 -28 6 -26 9 -19 12 -23 9 -31 9 -27 0 0 12 -18 13 -36 3 -25 4 -29 7 -29 9 -13 1 -33 13 -20 12 -35 2 -8 0 -23 4 -20 0 -17 -12 -18 2 -13 6 -25 1 -28 -8 -28 1 -7 -5 -21 -3 -13 -1 -20 -2 -22 -13 -21 -15 -17 -8 -17 0 0 0 0 0 0 0 0 0 0 ]
CSI_DATA,AP,8C:4F:00:2D:7E:D4,-81,11,1,0,1,1,1,0,0,0,0,-96,0,6,1,96256413,0,84,0,0,96.7156,384,[84 -64 4 0 0 0 0 0 0 0 0 0 -3 -20 -4 -24 -2 -23 1 -26 -1 -23 0 -23 1 -19 -2 -19 0 -18 1 -15 -2 -18 1 -17 -2 -21 2 -20 1 -17 0 -18 0 -18 1 -16 1 -17 1 -17 -2 -14 1 -16 -4 -11 -2 -14 -2 -13 -3 -11 0 0 -3 -12 -1 -12 -2 -13 -4 -11 -4 -12 -3 -11 -2 -10 -3 -8 -6 -9 -5 -7 -5 -8 -3 -9 -6 -9 -5 -8 -6 -10 -5 -7 -5 -7 -4 -6 -8 -3 -6 -6 -7 -7 -7 -3 -5 -4 -9 -5 -6 -4 -10 -4 0 0 0 0 0 0 0 0 0 0 ]
CSI_DATA,AP,8C:4F:00:2D:7E:D4,-82,11,1,0,1,1,1,0,0,0,0,-96,0,6,1,96257053,0,84,0,0,96.7575,384,[84 -64 4 0 0 0 0 0 0 0 0 0 16 -18 23 -13 22 -12 21 -14 19 -17 20 -12 17 -12 16 -10 17 -9 14 -12 16 -12 18 -11 17 -11 16 -11 15 -13 16 -13 13 -11 12 -11 11 -13 10 -11 13 -10 13 -12 11 -8 11 -12 10 -12 12 -11 0 0 5 -9 4 -13 7 -11 6 -13 3 -12 4 -12 5 -12 1 -9 4 -10 3 -8 2 -12 2 -9 -1 -10 2 -12 1 -11 -3 -13 -1 -9 -3 -8 -2 -7 -3 -8 -3 -8 -5 -8 -6 -11 -4 -9 -5 -6 -5 -8 0 0 0 0 0 0 0 0 0 0 ]
CSI_DATA,AP,8C:4F:00:2D:7E:D4,-80,11,1,0,1,1,1,0,0,0,0,-96,0,6,1,96257707,0,84,0,0,96.7996,384,[84 -64 4 0 0 0 0 0 0 0 0 0 -26 -2 -23 -6 -25 -4 -27 -6 -22 -6 -23 -6 -21 -5 -19 -6 -21 -6 -20 -3 -23 -6 -17 -7 -22 -8 -18 -9 -17 -1 -17 -4 -16 -1 -16 -6 -16 -7 -16 -5 -18 -5 -16 -4 -10 -4 -16 -3 -16 -2 -13 -2 0 0 -13 1 -14 1 -12 0 -10 1 -15 1 -13 2 -14 -2 -10 -2 -12 3 -10 -1 -13 1 -7 3 -12 1 -13 1 -12 3 -9 3 -10 6 -8 5 -11 7 -7 5 -8 4 -10 7 -7 5 -8 8 -6 5 -7 7 0 0 0 0 0 0 0 0 0 0 ]
CSI_DATA,AP,8C:4F:00:2D:7E:D4,-81,11,1,0,1,1,1,0,0,0,0,-96,0,6,1,96258117,0,84,0,0,96.8415,384,[84 -64 4 0 0 0 0 0 0 0 0 0 -16 -22 -14 -24 -13 -25 -16 -24 -13 -21 -12 -22 -8 -22 -10 -19 -9 -19 -10 -21 -11 -17 -12 -20 -9 -19 -6 -19 -7 -17 -5 -18 -10 -17 -6 -16 -7 -13 -10 -17 -9 -14 -5 -15 -5 -14 -7 -13 -6 -15 -8 -13 0 0 -7 -14 -6 -13 -9 -11 -8 -12 -6 -10 -6 -10 -7 -11 -8 -8 -9 -11 -8 -5 -7 -10 -6 -4 -9 -6 -6 -7 -7 -4 -8 -6 -10 -8 -8 -6 -9 -4 -9 -5 -9 -6 -9 -4 -6 -4 -12 -2 -9 -2 -10 -1 0 0 0 0 0 0 0 0 0 0 ]
CSI_DATA,AP,8C:4F:00:2D:7E:D4,-81,11,1,0,1,1,1,0,0,0,0,-96,0,6,1,96267440,0,84,0,0,96.8859,384,[84 -64 4 0 0 0 0 0 0 0 0 0 -16 17 -20 16 -19 17 -18 16 -18 13 -16 12 -15 13 -16 11 -15 12 -15 10 -13 12 -14 13 -15 15 -15 11 -14 9 -15 11 -13 10 -11 8 -12 8 -14 10 -11 8 -12 8 -7 8 -9 10 -9 10 -9 9 0 0 -6 6 -7 7 -7 9 -6 8 -8 7 -8 8 -6 10 -6 8 -6 6 -4 6 -2 9 -1 9 -2 7 2 6 0 7 -1 9 0 7 2 7 -1 10 1 5 1 6 -1 6 -1 6 4 9 4 7 1 4 0 0 0 0 0 0 0 0 0 0 ]
CSI_DATA,AP,8C:4F:00:2D:7E:D4,-81,11,1,0,1,1,1,0,0,0,0,-96,0,6,1,96273679,0,84,0,0,96.9245,384,[84 -64 4 0 0 0 0 0 0 0 0 0 -17 15 -17 16 -20 20 -23 17 -20 18 -18 15 -17 12 -17 13 -19 13 -16 14 -17 10 -17 13 -16 9 -16 10 -12 12 -19 12 -14 8 -14 10 -14 9 -16 8 -10 8 -14 9 -11 9 -10 8 -14 12 -11 6 0 0 -8 9 -10 9 -9 12 -7 7 -10 7 -10 11 -6 6 -4 8 -3 5 -2 6 -3 9 -2 9 -7 9 -4 10 -7 7 -3 9 -3 11 -2 9 -3 5 -2 8 -1 8 1 10 1 11 2 11 2 8 1 9 0 0 0 0 0 0 0 0 0 0 ]
CSI_DATA,AP,8C:4F:00:2D:7E:D4,-81,11,1,0,1,1,1,0,0,0,0,-96,0,6,1,96278334,0,84,0,0,96.9642,384,[84 -64 4 0 0 0 0 0 0 0 0 0 -21 18 -20 15 -19 20 -21 19 -18 16 -20 15 -19 13 -18 8 -18 12 -18 13 -18 13 -15 11 -17 11 -16 14 -14 9 -17 11 -15 7 -15 7 -13 11 -15 12 -13 8 -12 11 -12 9 -16 7 -15 8 -11 7 0 0 -10 10 -9 8 -9 9 -6 10 -6 6 -6 9 -6 10 -6 7 -8 8 -3 6 -4 7 -2 9 -3 8 -4 7 -1 8 -4 9 -5 7 -1 8 0 5 1 9 -1 6 1 7 1 6 1 9 1 8 2 9 0 0 0 0 0 0 0 0 0 0 ]
CSI_DATA,AP,8C:4F:00:2D:7E:D4,-81,11,1,0,1,1,1,0,0,0,0,-96,0,6,1,100244320,0,84,0,0,100.635,384,[84 -64 4 0 0 0 0 0 0 0 0 0 -2 -17 -2 -17 1 -18 0 -18 2 -16 1 -14 1 -16 1 -14 4 -12 -1 -13 0 -14 1 -15 1 -15 1 -11 2 -13 2 -13 2 -12 3 -11 2 -10 1 -13 1 -12 2 -11 1 -10 1 -11 2 -10 3 -10 0 0 1 -9 1 -10 0 -9 0 -8 0 -9 1 -9 -1 -10 0 -8 -2 -9 -2 -7 -3 -9 -4 -9 -2 -8 -4 -8 -4 -8 -5 -8 -6 -7 -4 -6 -4 -7 -5 -8 -3 -9 -4 -8 -5 -8 -7 -7 -5 -8 -7 -6 0 0 0 0 0 0 0 0 0 0 ]
CSI_DATA,AP,8C:4F:00:2D:7E:D4,-81,11,1,0,1,1,1,0,0,0,0,-96,0,6,1,100252570,0,84,0,0,100.666,384,[84 -64 4 0 0 0 0 0 0 0 0 0 -13 -13 -13 -11 -14 -12 -14 -12 -11 -13 -8 -10 -11 -13 -9 -11 -8 -12 -9 -11 -13 -11 -8 -9 -9 -11 -5 -11 -7 -12 -7 -12 -6 -10 -6 -8 -6 -10 -8 -10 -7 -9 -8 -9 -6 -7 -6 -9 -9 -11 -5 -8 0 0 -7 -6 -5 -6 -6 -8 -6 -6 -4 -7 -6 -7 -6 -8 -6 -5 -7 -5 -6 -3 -7 -5 -7 -6 -7 -4 -7 -3 -6 -5 -11 -3 -9 -3 -8 -2 -9 -1 -10 -2 -9 -2 -8 0 -9 -1 -9 2 -10 -1 -10 -2 0 0 0 0 0 0 0 0 0 0 ]
CSI_DATA,AP,8C:4F:00:2D:7E:D4,-82,11,1,0,1,1,1,0,0,0,0,-96,0,6,1,100268511,0,84,0,0,100.709,384,[84 -64 4 0 0 0 0 0 0 0 0 0 -14 -11 -12 -9 -12 -12 -15 -10 -11 -7 -10 -10 -9 -11 -9 -10 -9 -9 -8 -7 -8 -11 -7 -11 -8 -11 -6 -9 -8 -9 -8 -11 -6 -9 -8 -8 -7 -7 -8 -10 -5 -9 -7 -10 -7 -7 -7 -8 -7 -8 -6 -9 0 0 -5 -7 -6 -6 -5 -6 -5 -6 -6 -6 -5 -7 -6 -5 -6 -6 -5 -5 -6 -4 -5 -6 -5 -3 -6 -3 -6 -3 -8 -3 -8 -1 -7 -2 -7 -3 -9 -1 -7 -1 -8 0 -6 -1 -9 0 -9 -1 -7 0 -10 -3 0 0 0 0 0 0 0 0 0 0 ]
CSI_DATA,AP,8C:4F:00:2D:7E:D4,-82,11,1,0,1,1,1,0,0,0,0,-96,0,6,1,100316302,0,84,0,0,100.75,384,[84 -64 4 0 0 0 0 0 0 0 0 0 10 13 11 13 10 14 8 14 6 12 6 12 8 15 7 12 6 11 3 10 3 13 4 12 5 11 4 11 2 10 2 13 5 9 3 10 5 12 1 11 2 9 2 11 3 8 1 7 0 9 2 6 0 0 0 8 3 8 2 9 3 6 2 6 2 7 3 6 2 5 3 8 3 5 2 5 3 5 4 6 4 7 3 6 5 5 6 5 6 6 5 5 7 4 5 4 4 7 6 4 8 6 6 5 7 3 0 0 0 0 0 0 0 0 0 0 ]
CSI_DATA,AP,8C:4F:00:2D:7E:D4,-81,11,1,0,1,1,1,0,0,0,0,-96,0,6,1,100316741,0,84,0,0,100.783,384,[84 -64 4 0 0 0 0 0 0 0 0 0 -16 -10 -13 -8 -14 -10 -17 -10 -15 -9 -12 -8 -12 -9 -12 -11 -12 -11 -12 -9 -12 -11 -10 -11 -10 -10 -10 -8 -9 -9 -9 -8 -9 -9 -7 -7 -9 -8 -9 -7 -8 -9 -8 -9 -8 -7 -7 -7 -7 -8 -5 -8 0 0 -6 -7 -7 -7 -8 -8 -8 -5 -7 -7 -6 -5 -6 -6 -7 -4 -6 -6 -8 -4 -9 -2 -5 -5 -7 -3 -6 -2 -7 -3 -7 0 -9 -1 -8 -3 -8 -4 -8 0 -8 -1 -9 -1 -7 -1 -10 -1 -10 1 -10 1 0 0 0 0 0 0 0 0 0 0 ]
CSI_DATA,AP,8C:4F:00:2D:7E:D4,-81,11,1,0,1,1,1,0,0,0,0,-96,0,6,1,100317020,0,84,0,0,100.825,384,[84 -64 4 0 0 0 0 0 0 0 0 0 6 16 4 13 5 16 5 17 3 13 5 15 1 12 2 15 3 12 3 9 1 13 1 13 1 13 3 13 0 11 0 12 -2 11 -2 10 1 11 0 12 0 9 1 11 -1 9 0 9 -1 8 0 8 0 0 -1 10 0 8 0 8 -1 8 0 6 -1 8 1 7 0 6 2 6 3 8 1 7 2 7 2 7 3 5 2 6 5 5 3 7 5 6 5 6 5 5 5 7 4 4 6 6 7 5 8 7 6 5 0 0 0 0 0 0 0 0 0 0 ]
CSI_DATA,AP,8C:4F:00:2D:7E:D4,-82,11,1,0,1,1,1,0,0,0,0,-96,0,6,1,100317382,0,84,0,0,100.859,384,[84 -64 4 0 0 0 0 0 0 0 0 0 -17 -10 -16 -11 -16 -10 -15 -10 -14 -11 -12 -9 -12 -10 -11 -9 -9 -10 -11 -9 -11 -10 -12 -7 -9 -11 -11 -11 -7 -11 -9 -9 -7 -8 -6 -8 -8 -8 -9 -8 -6 -8 -6 -7 -6 -9 -6 -10 -7 -7 -7 -8 0 0 -5 -8 -4 -6 -7 -6 -5 -4 -4 -6 -5 -6 -6 -6 -5 -6 -6 -6 -7 -3 -4 -4 -6 -4 -7 -5 -7 -4 -8 -5 -8 -6 -7 -5 -8 -2 -7 -3 -7 -2 -8 -3 -8 -3 -7 -2 -10 -5 -12 -3 -11 -1 0 0 0 0 0 0 0 0 0 0 ]
CSI_DATA,AP,8C:4F:00:2D:7E:D4,-82,11,1,0,1,1,1,0,0,0,0,-96,0,6,1,100322536,0,84,0,0,100.901,384,[84 -64 4 0 0 0 0 0 0 0 0 0 8 -19 6 -17 7 -19 9 -16 9 -17 8 -15 7 -12 9 -11 11 -13 10 -12 8 -11 10 -13 10 -12 9 -10 7 -8 11 -11 7 -10 7 -9 7 -9 9 -10 7 -10 6 -10 7 -8 9 -9 6 -7 6 -8 0 0 5 -7 5 -8 6 -9 5 -8 6 -7 3 -10 3 -7 4 -8 3 -6 4 -9 5 -9 4 -7 4 -8 3 -6 2 -8 3 -9 4 -7 1 -9 0 -8 1 -8 2 -10 0 -8 -1 -9 0 -8 -1 -11 -2 -11 0 0 0 0 0 0 0 0 0 0 ]
CSI_DATA,AP,8C:4F:00:2D:7E:D4,-82,11,1,0,1,1,1,0,0,0,0,-96,0,6,1,100322964,0,84,0,0,100.94,384,[84 -64 4 0 0 0 0 0 0 0 0 0 -16 -13 -14 -15 -16 -16 -13 -19 -11 -15 -11 -14 -13 -14 -9 -12 -9 -11 -9 -13 -6 -15 -9 -13 -8 -14 -9 -13 -7 -11 -8 -12 -11 -12 -5 -11 -9 -12 -7 -8 -9 -8 -6 -9 -6 -8 -6 -10 -6 -8 -7 -8 0 0 -7 -7 -8 -7 -8 -7 -6 -5 -8 -9 -8 -5 -8 -4 -9 -4 -7 -4 -7 -6 -8 -3 -9 -4 -7 -1 -9 -2 -10 -2 -6 -2 -10 -3 -9 0 -8 0 -8 -1 -11 2 -9 2 -9 2 -9 1 -10 2 -11 2 0 0 0 0 0 0 0 0 0 0 ]
CSI_DATA,AP,8C:4F:00:2D:7E:D4,-81,11,1,0,1,1,1,0,0,0,0,-96,0,6,1,100323234,0,84,0,0,100.982,384,[84 -64 4 0 0 0 0 0 0 0 0 0 -16 7 -16 6 -15 6 -18 5 -17 2 -18 4 -15 4 -14 4 -14 3 -11 3 -15 0 -14 2 -14 1 -16 1 -14 2 -12 1 -11 0 -10 1 -11 1 -12 0 -10 -1 -11 4 -9 1 -10 0 -10 2 -10 2 0 0 -10 2 -10 2 -8 3 -8 2 -7 2 -7 4 -7 4 -7 3 -6 4 -7 3 -5 3 -3 4 -4 5 -4 4 -5 4 -5 8 -6 6 -4 8 -3 6 -3 6 -2 6 -2 9 -1 7 -1 7 -3 6 -3 9 0 0 0 0 0 0 0 0 0 0 ]
CSI_DATA,AP,8C:4F:00:2D:7E:D4,-81,11,1,0,1,1,1,0,0,0,0,-96,0,6,1,100366888,0,84,0,0,101.02,384,[84 -64 4 0 0 0 0 0 0 0 0 0 -19 -4 -17 -1 -16 -4 -17 -4 -14 -2 -15 -4 -13 -5 -14 -5 -12 -5 -10 -4 -15 -3 -11 -4 -13 -6 -13 -5 -12 -5 -11 -5 -11 -5 -8 -3 -9 -5 -10 -4 -9 -5 -8 -4 -9 -4 -7 -4 -7 -5 -8 -6 0 0 -9 -5 -6 -4 -12 -5 -7 -4 -7 -5 -8 -4 -9 -4 -8 -3 -8 -3 -6 -3 -8 -2 -7 -3 -7 -4 -7 -3 -7 -1 -8 -2 -7 -3 -9 -2 -8 0 -10 0 -8 -1 -6 1 -8 0 -10 1 -8 -1 -11 1 0 0 0 0 0 0 0 0 0 0 ]
CSI_DATA,AP,8C:4F:00:2D:7E:D4,-80,11,1,0,1,1,1,0,0,0,0,-96,0,6,1,102323990,0,84,0,0,102.714,384,[84 -64 4 0 0 0 0 0 0 0 0 0 6 -14 9 -13 9 -14 10 -17 9 -14 10 -12 9 -10 8 -11 9 -10 9 -12 10 -9 8 -11 8 -10 10 -10 9 -10 6 -9 8 -10 6 -8 8 -11 6 -9 6 -9 9 -11 7 -8 7 -10 9 -10 8 -10 0 0 9 -8 7 -10 7 -9 6 -7 6 -8 5 -9 5 -8 6 -10 5 -9 3 -9 6 -9 5 -9 3 -7 3 -8 3 -9 4 -11 4 -9 2 -9 3 -10 -1 -11 2 -10 2 -9 2 -10 0 -12 1 -11 2 -11 0 0 0 0 0 0 0 0 0 0 ]
CSI_DATA,AP,8C:4F:00:2D:7E:D4,-82,11,1,0,1,1,1,0,0,0,0,-96,0,6,1,102324373,0,84,0,0,102.744,384,[84 -64 4 0 0 0 0 0 0 0 0 0 -9 -25 4 -30 -1 -39 3 -34 11 -25 4 -22 2 -35 10 -26 12 -25 -2 -32 13 -44 4 -53 4 -23 15 -29 3 -31 12 -35 2 -37 5 -17 8 -39 2 -28 -3 -27 -6 -31 10 -19 11 -33 9 -28 5 -23 0 0 2 -27 -5 -29 8 -25 6 -21 3 -22 -5 -25 10 -19 -7 -18 4 -30 7 -13 -7 -25 -9 -30 -12 -16 -8 -26 -9 -21 -8 -25 -12 -30 -4 -21 -9 -24 -10 -24 -7 -24 -10 -18 -15 -20 -21 -18 -15 -21 -19 -28 0 0 0 0 0 0 0 0 0 0 ]
CSI_DATA,AP,8C:4F:00:2D:7E:D4,-80,11,1,0,1,1,1,0,0,0,0,-96,0,6,1,102332293,0,84,0,0,102.788,384,[84 -64 4 0 0 0 0 0 0 0 0 0 15 4 13 3 15 3 15 5 13 5 14 3 13 5 12 6 11 4 13 5 11 8 12 5 13 7 13 6 10 6 13 8 9 8 12 6 11 7 10 7 8 5 12 4 6 5 11 7 11 6 7 6 0 0 10 8 11 7 9 4 11 5 8 4 6 4 10 4 9 5 10 3 8 4 7 4 7 2 9 3 9 3 9 4 9 1 9 3 10 1 9 3 8 3 9 3 8 2 10 3 10 1 11 1 12 0 0 0 0 0 0 0 0 0 0 0 ]
CSI_DATA,AP,8C:4F:00:2D:7E:D4,-80,11,1,0,1,1,1,0,0,0,0,-96,0,6,1,102332763,0,84,0,0,102.822,384,[84 -64 4 0 0 0 0 0 0 0 0 0 -14 -6 -13 -5 -16 -7 -14 -5 -15 -4 -13 -6 -13 -7 -11 -7 -13 -6 -11 -6 -12 -8 -12 -6 -11 -8 -12 -10 -10 -7 -10 -7 -8 -7 -7 -7 -9 -7 -10 -7 -7 -10 -8 -7 -5 -9 -10 -8 -8 -9 -8 -9 0 0 -8 -9 -9 -7 -11 -8 -5 -6 -6 -10 -7 -8 -7 -6 -5 -5 -8 -7 -7 -4 -7 -8 -8 -6 -8 -7 -7 -5 -7 -6 -8 -6 -9 -8 -9 -6 -8 -4 -9 -7 -9 -6 -10 -4 -8 -4 -9 -6 -9 -7 -10 -4 0 0 0 0 0 0 0 0 0 0 ]
CSI_DATA,AP,8C:4F:00:2D:7E:D4,-80,11,1,0,1,1,1,0,0,0,0,-96,0,6,1,102335642,0,84,0,0,102.864,384,[84 -64 4 0 0 0 0 0 0 0 0 0 -9 12 -8 10 -9 12 -10 11 -9 10 -10 9 -8 8 -8 8 -9 8 -7 9 -9 8 -9 10 -8 9 -11 8 -9 8 -8 7 -10 8 -8 6 -10 7 -8 7 -10 7 -11 8 -9 6 -9 6 -9 5 -8 6 0 0 -8 6 -9 7 -7 7 -6 5 -9 3 -7 5 -8 4 -8 5 -8 7 -6 6 -7 6 -4 7 -5 8 -9 7 -6 5 -7 6 -5 7 -6 6 -7 8 -5 7 -4 8 -6 9 -4 9 -3 9 -4 10 -4 9 0 0 0 0 0 0 0 0 0 0 ]
CSI_DATA,AP,8C:4F:00:2D:7E:D4,-77,11,0,0,0,0,0,0,0,0,0,-96,0,6,1,102344458,0,84,0,0,102.901,128,[84 -64 4 0 0 0 0 0 0 0 0 0 -28 7 -28 5 -29 3 -28 4 -30 3 -26 6 -25 4 -23 3 -25 3 -25 3 -23 4 -24 3 -26 5 -24 4 -22 3 -27 -1 -25 2 -21 2 -21 1 -24 1 -22 0 -22 0 -21 1 -20 2 -23 0 -22 -1 0 0 -20 2 -22 3 -23 3 -17 5 -19 3 -19 3 -20 5 -17 5 -19 4 -18 2 -19 5 -18 5 -17 7 -17 5 -18 4 -17 5 -17 8 -17 11 -18 5 -17 7 -18 8 -17 8 -15 10 -18 12 -17 11 -17 11 0 0 0 0 0 0 0 0 0 0 ]
CSI_DATA,AP,8C:4F:00:2D:7E:D4,-79,11,1,0,1,1,1,0,0,0,0,-96,0,6,1,102344898,0,84,0,0,102.942,384,[84 -64 4 0 0 0 0 0 0 0 0 0 1 14 4 12 2 14 3 15 -1 15 -1 11 0 11 -1 9 0 12 -1 12 -2 13 -2 13 -1 12 -1 13 -1 11 0 14 -1 12 -1 10 -2 11 -2 11 -1 9 0 10 -3 8 1 11 -3 9 -3 11 0 0 -2 10 1 11 0 10 -2 9 -1 8 -2 12 -1 10 0 8 -2 9 0 8 -2 9 0 10 -1 10 -1 8 0 8 0 10 2 9 1 9 0 8 3 8 4 8 2 8 2 8 4 8 4 9 3 8 0 0 0 0 0 0 0 0 0 0 ]
CSI_DATA,AP,8C:4F:00:2D:7E:D4,-81,11,1,0,1,1,1,0,0,0,0,-96,0,6,1,102368074,0,84,0,0,102.978,384,[84 -64 4 0 0 0 0 0 0 0 0 0 6 -8 7 -7 6 -8 7 -9 6 -8 6 -7 7 -6 6 -6 7 -7 6 -7 7 -7 8 -7 7 -6 8 -6 7 -7 7 -5 8 -5 7 -5 6 -5 6 -5 6 -5 7 -6 7 -4 7 -5 7 -5 6 -5 0 0 6 -5 6 -4 7 -5 4 -4 5 -5 7 -4 6 -4 5 -5 7 -4 4 -5 5 -4 5 -5 6 -5 5 -6 4 -5 5 -7 5 -6 3 -7 4 -6 2 -7 4 -6 3 -7 3 -6 4 -7 3 -6 5 -8 0 0 0 0 0 0 0 0 0 0 ]
CSI_DATA,AP,8C:4F:00:2D:7E:D4,-80,11,1,0,1,1,1,0,0,0,0,-96,0,6,1,102368440,0,84,0,0,103.014,384,[84 -64 4 0 0 0 0 0 0 0 0 0 2 13 2 12 0 13 0 14 0 11 0 10 1 11 -2 12 -1 10 -1 11 -1 13 1 10 -1 11 0 10 -2 9 -2 12 -1 10 -3 9 -2 9 0 10 -1 9 -2 9 -2 8 -2 9 -2 11 -1 7 0 0 -1 8 0 10 -1 10 -3 9 -1 9 -3 7 -1 6 -1 7 -1 8 -2 8 -1 7 -1 7 0 8 1 8 -1 8 -1 8 1 9 2 8 1 8 1 7 2 9 -1 8 2 9 2 8 3 7 2 8 0 0 0 0 0 0 0 0 0 0 ]
CSI_DATA,AP,8C:4F:00:2D:7E:D4,-80,11,1,0,1,1,1,0,0,0,0,-96,0,6,1,102368930,0,84,0,0,103.049,384,[84 -64 4 0 0 0 0 0 0 0 0 0 -1 16 -2 12 -1 17 -1 16 -1 15 -1 12 -1 13 -3 12 -1 13 -2 13 -3 13 -4 15 -3 13 -4 12 -4 11 -4 11 -4 12 -3 10 -6 12 -5 10 -4 11 -5 10 -2 7 -6 11 -2 11 -4 10 0 0 -4 10 -4 10 -4 10 -2 9 -3 9 -5 10 -5 10 -4 9 -3 8 0 8 -2 9 -2 10 -3 10 -4 11 -2 11 -3 10 -1 10 0 9 -3 10 0 10 -1 9 0 10 0 9 1 12 1 9 2 10 0 0 0 0 0 0 0 0 0 0 ]
CSI_DATA,AP,8C:4F:00:2D:7E:D4,-81,11,1,0,1,1,1,0,0,0,0,-96,0,6,1,104351697,0,84,0,0,104.742,384,[84 -64 4 0 0 0 0 0 0 0 0 0 5 11 2 9 1 10 1 9 2 10 1 8 2 11 2 9 3 7 3 9 0 10 3 8 2 8 0 9 0 8 2 10 2 5 0 9 2 6 2 9 1 8 2 9 1 7 -2 7 2 9 0 7 0 0 0 8 2 9 0 8 2 8 1 7 1 8 3 8 2 7 2 10 2 8 4 8 3 6 3 9 4 8 3 9 5 9 3 11 4 9 5 9 4 9 3 9 4 10 4 13 3 13 5 10 4 13 0 0 0 0 0 0 0 0 0 0 ]
CSI_DATA,AP,8C:4F:00:2D:7E:D4,-81,11,1,0,1,1,1,0,0,0,0,-96,0,6,1,104357282,0,84,0,0,104.766,384,[84 -64 4 0 0 0 0 0 0 0 0 0 -7 7 -7 4 -8 8 -7 7 -8 7 -8 6 -6 6 -9 5 -7 5 -8 6 -8 7 -8 6 -6 5 -8 6 -7 6 -8 5 -10 6 -7 5 -8 6 -8 5 -8 6 -9 5 -7 7 -7 6 -7 6 -7 4 0 0 -8 7 -7 6 -7 6 -7 7 -5 8 -6 6 -7 6 -6 7 -6 7 -7 6 -6 8 -7 7 -5 6 -6 7 -4 8 -6 8 -6 9 -5 9 -6 9 -5 9 -6 10 -5 11 -6 11 -6 10 -8 9 -6 10 0 0 0 0 0 0 0 0 0 0 ]
CSI_DATA,AP,8C:4F:00:2D:7E:D4,-81,11,1,0,1,1,1,0,0,0,0,-96,0,6,1,104358040,0,84,0,0,104.802,384,[84 -64 4 0 0 0 0 0 0 0 0 0 1 10 0 11 -1 10 2 12 0 9 0 10 -1 10 0 7 2 9 0 7 -1 8 0 9 -1 9 0 10 0 7 1 9 -1 10 -1 10 -1 8 0 8 -2 9 -1 10 -2 8 -1 10 -1 8 0 8 0 0 -1 7 1 9 0 10 1 7 -1 5 0 9 0 9 1 8 1 9 0 7 2 8 1 8 2 10 2 10 1 9 2 10 1 12 3 9 3 9 2 11 1 10 2 11 2 11 4 11 3 13 1 11 0 0 0 0 0 0 0 0 0 0 ]
CSI_DATA,AP,8C:4F:00:2D:7E:D4,-81,11,1,0,1,1,1,0,0,0,0,-96,0,6,1,104359100,0,84,0,0,104.836,384,[84 -64 4 0 0 0 0 0 0 0 0 0 10 0 10 0 10 1 11 3 10 1 10 1 7 3 7 1 9 2 7 1 7 4 11 3 9 3 8 2 8 2 10 2 8 2 9 3 7 1 9 3 7 3 8 1 7 4 7 1 9 4 8 2 0 0 9 4 10 0 7 2 9 4 8 1 6 1 7 1 9 1 9 2 8 2 8 1 8 2 9 2 11 2 10 1 11 1 11 0 10 0 11 1 9 0 11 2 11 0 11 3 13 2 12 1 12 3 0 0 0 0 0 0 0 0 0 0 ]
CSI_DATA,AP,8C:4F:00:2D:7E:D4,-81,11,1,0,1,1,1,0,0,0,0,-96,0,6,1,104359525,0,84,0,0,104.869,384,[84 -64 4 0 0 0 0 0 0 0 0 0 -7 -9 -7 -8 -7 -9 -7 -8 -7 -9 -7 -7 -5 -8 -4 -8 -6 -7 -5 -10 -4 -12 -6 -8 -6 -9 -5 -10 -3 -9 -4 -11 -6 -9 -4 -7 -5 -8 -5 -9 -4 -9 -6 -10 -5 -8 -3 -9 -4 -9 -5 -9 0 0 -4 -9 -2 -9 -4 -9 -3 -9 -4 -10 -3 -9 -6 -9 -4 -8 -4 -9 -3 -9 -6 -10 -4 -8 -4 -9 -4 -11 -5 -9 -5 -13 -4 -9 -6 -10 -5 -12 -5 -9 -6 -13 -5 -11 -4 -11 -6 -14 -5 -12 -6 -12 0 0 0 0 0 0 0 0 0 0 ]
CSI_DATA,AP,8C:4F:00:2D:7E:D4,-81,11,1,0,1,1,1,0,0,0,0,-96,0,6,1,104359986,0,84,0,0,104.911,384,[84 -64 4 0 0 0 0 0 0 0 0 0 -8 -8 -5 -6 -7 -9 -9 -9 -8 -8 -4 -8 -8 -7 -5 -9 -6 -6 -6 -8 -7 -10 -6 -10 -6 -8 -7 -8 -7 -7 -6 -10 -6 -6 -7 -6 -4 -7 -7 -6 -6 -7 -7 -6 -5 -7 -7 -5 -7 -8 -7 -6 0 0 -8 -8 -7 -7 -7 -8 -5 -9 -6 -7 -8 -6 -7 -6 -8 -8 -7 -7 -8 -6 -7 -7 -8 -6 -9 -7 -8 -6 -9 -7 -11 -7 -11 -6 -11 -7 -9 -7 -10 -7 -10 -9 -11 -8 -9 -8 -12 -7 -10 -9 -13 -8 0 0 0 0 0 0 0 0 0 0 ]
CSI_DATA,AP,8C:4F:00:2D:7E:D4,-81,11,1,0,1,1,1,0,0,0,0,-96,0,6,1,104364263,0,84,0,0,104.952,384,[84 -64 4 0 0 0 0 0 0 0 0 0 9 4 9 5 10 4 10 5 9 7 9 4 7 5 7 6 6 6 6 5 8 6 8 6 7 5 8 4 7 5 7 7 7 7 6 4 7 5 6 6 5 6 5 6 5 6 7 7 5 6 7 7 0 0 6 6 6 4 7 3 6 5 7 4 6 4 5 4 5 5 8 6 7 3 7 4 7 7 6 5 9 6 6 4 9 3 8 5 8 5 9 5 7 4 10 7 10 6 9 6 11 6 9 7 11 6 0 0 0 0 0 0 0 0 0 0 ]
CSI_DATA,AP,8C:4F:00:2D:7E:D4,-81,11,1,0,1,1,1,0,0,0,0,-96,0,6,1,104368315,0,84,0,0,104.984,384,[84 -64 4 0 0 0 0 0 0 0 0 0 -4 -10 -7 -10 -5 -11 -5 -10 -6 -11 -7 -9 -3 -9 -5 -10 -5 -10 -5 -10 -5 -11 -4 -10 -4 -10 -6 -10 -4 -11 -5 -10 -3 -9 -4 -8 -4 -11 -3 -8 -5 -11 -4 -7 -3 -8 -5 -10 -5 -10 -3 -9 0 0 -4 -9 -5 -9 -5 -10 -5 -8 -5 -11 -6 -11 -2 -7 -5 -8 -3 -9 -5 -9 -6 -9 -5 -9 -5 -9 -5 -8 -8 -9 -6 -9 -7 -7 -6 -11 -8 -9 -9 -10 -8 -10 -6 -11 -7 -10 -7 -11 -9 -11 -6 -11 0 0 0 0 0 0 0 0 0 0 ]
CSI_DATA,AP,8C:4F:00:2D:7E:D4,-81,11,1,0,1,1,1,0,0,0,0,-96,0,6,1,104368806,0,84,0,0,105.026,384,[84 -64 4 0 0 0 0 0 0 0 0 0 -8 -9 -8 -8 -9 -9 -8 -8 -8 -9 -7 -7 -6 -9 -7 -7 -6 -6 -6 -8 -5 -9 -7 -9 -6 -9 -7 -9 -5 -8 -7 -7 -7 -7 -6 -8 -6 -9 -6 -9 -6 -9 -5 -9 -5 -7 -5 -8 -8 -9 -4 -6 0 0 -7 -10 -9 -8 -6 -5 -8 -7 -7 -10 -4 -6 -5 -5 -6 -5 -6 -7 -8 -6 -8 -8 -7 -7 -7 -7 -7 -7 -7 -7 -10 -6 -9 -9 -9 -8 -11 -8 -10 -7 -8 -9 -11 -7 -8 -8 -10 -9 -9 -10 -10 -9 0 0 0 0 0 0 0 0 0 0 ]
CSI_DATA,AP,8C:4F:00:2D:7E:D4,-78,11,0,0,0,0,0,0,0,0,0,-96,0,6,1,104377070,0,84,0,0,105.067,128,[84 -64 4 0 0 0 0 0 0 0 0 0 -12 -16 -13 -19 -9 -15 -16 -19 -9 -14 -10 -15 -11 -17 -10 -18 -9 -13 -12 -11 -10 -18 -13 -18 -12 -17 -10 -17 -12 -14 -12 -12 -10 -15 -7 -13 -10 -16 -10 -13 -8 -16 -8 -15 -7 -12 -11 -15 -10 -14 -9 -14 0 0 -6 -13 -7 -17 -5 -19 -11 -8 -9 -16 -7 -12 -13 -17 -10 -16 -5 -11 -8 -9 -15 -16 -10 -12 -11 -13 -9 -16 -9 -13 -9 -18 -13 -15 -12 -16 -11 -18 -13 -16 -14 -13 -13 -18 -14 -16 -16 -17 -15 -18 -13 -15 0 0 0 0 0 0 0 0 0 0 ]
CSI_DATA,AP,8C:4F:00:2D:7E:D4,-81,11,1,0,1,1,1,0,0,0,0,-96,0,6,1,104417118,0,84,0,0,105.115,384,[84 -64 4 0 0 0 0 0 0 0 0 0 4 -9 5 -9 5 -9 7 -11 7 -10 5 -8 7 -8 5 -9 6 -6 4 -10 5 -10 4 -9 8 -10 7 -8 5 -7 6 -8 7 -7 4 -7 8 -7 8 -8 5 -8 6 -9 6 -7 7 -6 4 -6 6 -9 0 0 5 -8 4 -9 6 -9 3 -6 9 -6 7 -7 2 -6 4 -7 5 -6 5 -7 5 -8 6 -7 7 -9 7 -10 6 -8 6 -8 6 -10 6 -11 6 -12 4 -9 8 -12 6 -10 7 -12 4 -11 6 -10 6 -10 0 0 0 0 0 0 0 0 0 0 ]
CSI_DATA,AP,8C:4F:00:2D:7E:D4,-80,11,1,0,1,1,1,0,0,0,0,-96,0,6,1,111521861,0,84,0,0,111.912,384,[84 -64 4 0 0 0 0 0 0 0 0 0 10 17 8 18 8 17 11 15 7 15 6 14 8 14 8 12 6 14 8 14 9 16 4 15 6 15 8 12 8 12 5 14 7 17 5 10 9 12 9 16 5 12 4 14 6 14 7 15 8 15 8 14 0 0 6 11 9 14 9 14 7 11 6 10 8 11 6 12 8 13 9 12 9 12 7 11 5 12 6 9 6 10 4 9 6 10 6 11 5 9 5 11 4 6 4 9 5 9 4 8 5 7 4 9 5 5 0 0 0 0 0 0 0 0 0 0 ]
CSI_DATA,AP,8C:4F:00:2D:7E:D4,-77,11,0,0,0,0,0,0,0,0,0,-96,0,6,1,111528955,0,84,0,0,111.939,128,[84 -64 4 0 0 0 0 0 0 0 0 0 -29 -5 -27 -5 -29 -4 -31 -4 -25 -2 -28 -4 -26 -4 -23 -3 -25 -4 -23 -3 -27 -3 -26 -3 -23 -2 -26 -2 -23 -4 -25 -3 -26 -3 -25 -1 -22 -2 -23 -4 -24 -5 -26 -4 -21 -3 -24 -3 -23 -4 -25 -5 0 0 -22 -2 -25 -7 -24 -2 -22 -2 -25 -2 -21 -4 -23 -1 -23 -1 -22 -4 -20 -5 -22 -5 -20 -5 -20 -4 -17 -4 -18 -6 -18 -6 -17 -3 -19 -4 -15 -5 -16 -2 -14 -2 -15 0 -14 -2 -14 -5 -13 -3 -14 -3 0 0 0 0 0 0 0 0 0 0 ]
CSI_DATA,AP,8C:4F:00:2D:7E:D4,-80,11,1,0,1,1,1,0,0,0,0,-96,0,6,1,111530000,0,84,0,0,111.983,384,[84 -64 4 0 0 0 0 0 0 0 0 0 17 6 18 7 19 8 16 7 13 3 13 10 12 8 16 11 14 9 16 11 13 8 11 9 15 9 15 7 15 9 14 12 14 10 10 7 15 8 10 10 10 13 10 10 10 9 10 13 13 13 13 8 0 0 9 15 13 12 10 13 9 9 9 10 10 12 7 9 8 11 9 9 8 10 6 9 9 8 7 9 7 11 9 11 3 12 6 11 5 9 5 8 4 7 3 9 5 9 7 9 6 9 3 8 4 6 0 0 0 0 0 0 0 0 0 0 ]
CSI_DATA,AP,8C:4F:00:2D:7E:D4,-80,11,1,0,1,1,1,0,0,0,0,-96,0,6,1,111530379,0,84,0,0,112.019,384,[84 -64 4 0 0 0 0 0 0 0 0 0 21 1 18 2 21 1 19 2 19 1 17 1 20 4 19 1 20 0 14 -1 20 1 18 0 20 2 18 3 17 2 19 5 18 3 17 0 17 4 22 3 18 5 18 3 13 0 19 4 19 1 17 4 0 0 15 5 16 5 15 1 16 2 14 9 17 5 17 7 18 7 16 3 15 2 15 4 13 6 12 3 18 5 11 5 13 6 11 5 10 4 11 6 13 6 11 5 9 4 10 5 11 4 6 2 8 3 0 0 0 0 0 0 0 0 0 0 ]
CSI_DATA,AP,8C:4F:00:2D:7E:D4,-80,11,1,0,1,1,1,0,0,0,0,-96,0,6,1,111530764,0,84,0,0,112.054,384,[84 -64 4 0 0 0 0 0 0 0 0 0 14 -12 15 -12 15 -14 15 -14 14 -11 15 -12 15 -11 12 -10 12 -11 11 -11 14 -10 13 -12 13 -11 16 -12 14 -10 14 -9 15 -12 8 -10 13 -10 15 -10 10 -10 12 -9 11 -8 14 -10 14 -10 10 -9 0 0 10 -8 12 -10 11 -10 8 -10 11 -10 13 -8 12 -11 12 -8 13 -8 12 -7 11 -9 10 -8 10 -6 14 -6 10 -5 10 -7 12 -9 11 -6 9 -6 8 -7 11 -6 10 -6 8 -6 8 -3 8 -4 7 -6 0 0 0 0 0 0 0 0 0 0 ]
CSI_DATA,AP,8C:4F:00:2D:7E:D4,-80,11,1,0,1,1,1,0,0,0,0,-96,0,6,1,111531166,0,84,0,0,112.096,384,[84 -64 4 0 0 0 0 0 0 0 0 0 -6 19 -7 18 -5 18 -5 20 -5 19 -4 17 -5 18 -5 15 -5 17 -4 17 -4 17 -5 15 -4 20 -3 17 -4 18 -3 17 -8 16 -5 9 -3 19 -8 16 -2 14 -7 14 -4 16 -6 17 -5 19 -5 15 0 0 -7 13 -6 14 -5 16 -4 13 -6 14 -5 13 -4 12 -4 14 -5 13 -6 11 -5 12 -5 13 -4 13 -5 14 -5 11 -3 13 -4 11 -4 11 -6 9 -1 9 -4 9 -4 9 -1 7 -2 9 0 7 -2 6 0 0 0 0 0 0 0 0 0 0 ]
CSI_DATA,AP,8C:4F:00:2D:7E:D4,-80,11,1,0,1,1,1,0,0,0,0,-96,0,6,1,111531672,0,84,0,0,112.135,384,[84 -64 4 0 0 0 0 0 0 0 0 0 9 -18 9 -12 9 -17 10 -16 9 -14 8 -14 11 -16 8 -11 10 -15 9 -14 10 -16 8 -16 12 -15 10 -19 9 -13 8 -13 9 -15 7 -15 7 -14 6 -13 6 -15 5 -13 9 -12 9 -18 11 -12 9 -13 0 0 9 -11 9 -12 8 -15 8 -14 8 -15 6 -14 10 -16 6 -10 7 -12 5 -12 5 -12 5 -11 5 -14 5 -11 6 -11 9 -14 7 -13 4 -10 7 -10 3 -11 4 -9 3 -9 4 -10 5 -9 6 -7 4 -8 0 0 0 0 0 0 0 0 0 0 ]
CSI_DATA,AP,8C:4F:00:2D:7E:D4,-80,11,1,0,1,1,1,0,0,0,0,-96,0,6,1,111531930,0,84,0,0,112.176,384,[84 -64 4 0 0 0 0 0 0 0 0 0 20 0 16 2 19 -1 20 -2 20 1 18 2 18 0 15 2 17 3 17 1 17 1 18 3 15 1 16 1 18 2 15 -1 17 -1 15 -1 17 1 17 -4 15 2 13 -1 12 1 18 0 17 2 16 0 0 0 18 0 15 4 15 -1 15 2 17 0 16 0 16 2 13 0 14 -3 13 2 13 -2 14 1 13 0 12 0 14 0 11 -1 9 2 9 -2 9 2 10 -2 9 2 10 1 10 0 10 -2 8 0 9 0 0 0 0 0 0 0 0 0 0 0 ]
CSI_DATA,AP,8C:4F:00:2D:7E:D4,-81,11,1,0,1,1,1,0,0,0,0,-96,0,6,1,111538716,0,84,0,0,112.212,384,[84 -64 4 0 0 0 0 0 0 0 0 0 12 -9 12 -11 12 -12 15 -11 12 -11 11 -9 12 -10 8 -7 13 -8 12 -8 12 -10 12 -10 11 -8 12 -9 9 -9 11 -6 14 -11 11 -8 13 -9 12 -9 12 -7 13 -9 11 -4 12 -5 13 -7 11 -7 0 0 12 -5 13 -5 12 -6 11 -7 11 -5 11 -6 11 -5 11 -6 9 -4 10 -5 11 -5 10 -4 8 -4 10 -5 11 -6 10 -5 11 -4 9 -2 7 -4 8 -6 9 -2 9 -4 6 -3 8 -4 7 -2 7 -2 0 0 0 0 0 0 0 0 0 0 ]
CSI_DATA,AP,8C:4F:00:2D:7E:D4,-82,11,1,0,1,1,1,0,0,0,0,-96,0,6,1,113301036,0,84,0,0,113.691,384,[84 -64 4 0 0 0 0 0 0 0 0 0 -40 15 -45 9 -42 12 -42 13 -38 12 -42 10 -37 12 -37 6 -36 5 -32 10 -42 12 -33 11 -37 6 -39 7 -36 11 -36 15 -36 12 -41 -3 -31 16 -24 4 -40 2 -42 14 -33 12 -38 9 -40 0 -23 5 0 0 -36 5 -32 6 -38 1 -23 7 -33 -4 -33 15 -26 2 -19 -3 -23 -2 -18 10 -19 12 -28 2 -24 8 -18 6 -16 10 -20 7 -19 2 -15 -1 -11 1 -11 1 -11 3 -11 3 -9 5 -11 -2 -7 3 -11 2 0 0 0 0 0 0 0 0 0 0 ]
CSI_DATA,AP,8C:4F:00:2D:7E:D4,-78,11,0,0,0,0,0,0,0,0,0,-96,0,6,1,113303837,0,84,0,0,113.725,128,[84 -64 4 0 0 0 0 0 0 0 0 0 30 -8 29 -9 31 -6 31 -10 28 -4 26 -7 27 -6 26 -5 26 -5 24 -5 26 -6 24 -7 24 -4 22 -5 24 -6 22 -9 21 -6 20 -5 19 -2 24 -4 18 -6 21 -4 15 -4 20 -6 19 -5 19 -6 0 0 18 -5 19 -2 18 -6 16 -6 15 -3 17 -4 18 -5 15 -4 17 -4 16 -1 14 -2 13 -4 12 -7 14 -1 13 -3 12 -4 11 -3 12 -2 10 -1 8 -2 8 1 9 -2 7 0 6 0 6 -2 5 -4 0 0 0 0 0 0 0 0 0 0 ]
CSI_DATA,AP,8C:4F:00:2D:7E:D4,-82,11,1,0,1,1,1,0,0,0,0,-96,0,6,1,113304344,0,84,0,0,113.764,384,[84 -64 4 0 0 0 0 0 0 0 0 0 14 -14 15 -14 14 -15 18 -15 12 -12 14 -12 14 -11 14 -12 13 -11 13 -11 13 -12 14 -11 11 -11 14 -10 11 -9 11 -10 12 -9 10 -7 11 -9 15 -9 11 -9 11 -12 10 -8 11 -7 10 -9 9 -12 0 0 10 -8 9 -9 8 -8 10 -11 11 -8 9 -7 11 -7 8 -7 6 -8 8 -7 5 -8 7 -7 7 -5 6 -5 6 -5 6 -5 7 -6 6 -5 9 -3 6 -4 2 -5 5 -4 7 -4 4 -3 2 -4 0 -2 0 0 0 0 0 0 0 0 0 0 ]
CSI_DATA,AP,8C:4F:00:2D:7E:D4,-81,11,1,0,1,1,1,0,0,0,0,-96,0,6,1,113304645,0,84,0,0,113.804,384,[84 -64 4 0 0 0 0 0 0 0 0 0 9 -20 9 -17 9 -18 13 -14 10 -17 10 -11 10 -13 8 -11 8 -11 10 -11 10 -12 8 -11 8 -12 10 -12 9 -10 10 -13 10 -10 11 -10 7 -12 8 -9 8 -11 8 -12 8 -9 11 -7 7 -10 8 -10 0 0 9 -10 7 -9 8 -10 7 -9 6 -7 7 -9 8 -9 5 -7 8 -4 3 -9 6 -6 7 -10 6 -5 3 -7 5 -3 5 -6 4 -8 5 -5 5 -2 3 -13 9 -7 9 -10 -13 -5 3 -1 10 -8 6 2 0 0 0 0 0 0 0 0 0 0 ]
CSI_DATA,AP,8C:4F:00:2D:7E:D4,-80,11,1,0,1,1,1,0,0,0,0,-96,0,6,1,113305567,0,84,0,0,113.843,384,[84 -64 4 0 0 0 0 0 0 0 0 0 -15 -6 -17 -4 -19 -4 -19 -6 -15 -4 -13 -5 -15 -4 -13 -3 -14 -3 -12 -3 -15 -6 -13 -3 -15 -2 -14 -3 -13 0 -13 -3 -13 -3 -11 0 -13 -1 -13 -3 -12 -3 -12 -2 -9 -2 -14 0 -11 -1 -12 -1 0 0 -11 0 -11 -1 -13 1 -11 0 -11 1 -11 0 -8 1 -10 0 -10 -1 -10 2 -12 1 -7 2 -8 2 -11 0 -4 2 -9 -2 -9 3 1 -4 -7 1 -9 3 -10 -4 -6 3 2 -2 3 3 -5 7 -6 0 0 0 0 0 0 0 0 0 0 0 ]
CSI_DATA,AP,8C:4F:00:2D:7E:D4,-81,11,1,0,1,1,1,0,0,0,0,-96,0,6,1,113306441,0,84,0,0,113.884,384,[84 -64 4 0 0 0 0 0 0 0 0 0 3 18 9 20 9 19 10 18 7 19 6 17 6 16 3 13 7 16 5 17 3 15 4 17 5 15 3 14 5 14 4 15 3 15 4 14 2 16 2 14 3 13 2 15 4 12 1 14 4 17 1 15 0 0 3 13 4 13 2 12 3 13 0 12 1 13 2 11 2 10 1 10 -1 10 2 12 1 10 1 9 1 11 0 7 1 9 4 10 2 7 2 6 -1 4 -1 5 0 5 -1 6 -1 4 1 2 1 3 0 0 0 0 0 0 0 0 0 0 ]
CSI_DATA,AP,8C:4F:00:2D:7E:D4,-81,11,1,0,1,1,1,0,0,0,0,-96,0,6,1,113306767,0,84,0,0,113.92,384,[84 -64 4 0 0 0 0 0 0 0 0 0 -17 -14 -19 -14 -15 -15 -19 -15 -16 -11 -12 -12 -15 -13 -13 -12 -13 -10 -13 -11 -14 -10 -13 -12 -15 -11 -14 -13 -14 -11 -15 -12 -12 -13 -13 -9 -12 -11 -10 -8 -11 -9 -12 -8 -7 -11 -9 -12 -12 -10 -11 -8 0 0 -10 -9 -13 -8 -11 -8 -9 -6 -12 -9 -10 -5 -10 -7 -12 -6 -11 -6 -9 -6 -6 -8 -8 -5 -7 -6 -10 -5 -6 -7 -5 -5 -9 -3 -6 -8 -4 -5 -8 -3 -5 -6 -6 -4 -3 -3 -5 -2 -4 -2 -3 -3 0 0 0 0 0 0 0 0 0 0 ]
CSI_DATA,AP,8C:4F:00:2D:7E:D4,-81,11,1,0,1,1,1,0,0,0,0,-96,0,6,1,113307665,0,84,0,0,113.964,384,[84 -64 4 0 0 0 0 0 0 0 0 0 7 -25 7 -24 6 -22 4 -23 5 -22 5 -18 6 -18 4 -18 5 -20 5 -16 4 -20 4 -18 6 -17 5 -19 6 -15 6 -16 6 -18 6 -16 5 -17 3 -17 4 -17 5 -14 5 -14 4 -15 3 -13 7 -13 0 0 6 -16 3 -13 5 -15 6 -15 5 -12 3 -11 5 -12 6 -11 4 -10 4 -11 2 -12 2 -12 4 -12 2 -10 5 -5 2 -9 4 -9 4 -10 3 -10 0 -6 0 -6 2 -2 3 -3 2 -5 1 -7 0 -2 0 0 0 0 0 0 0 0 0 0 ]
CSI_DATA,AP,8C:4F:00:2D:7E:D4,-81,11,1,0,1,1,1,0,0,0,0,-96,0,6,1,113308031,0,84,0,0,114.004,384,[84 -64 4 0 0 0 0 0 0 0 0 0 13 10 17 12 14 7 15 10 14 10 13 8 12 9 12 9 13 9 10 11 10 10 11 9 12 11 11 8 12 10 9 12 10 10 9 9 11 9 10 7 9 7 9 7 7 7 9 9 8 8 10 9 0 0 9 7 9 9 8 8 7 6 8 4 8 10 7 8 6 5 9 6 6 5 6 7 5 4 2 8 4 4 5 4 6 6 6 5 4 2 3 5 5 3 2 3 4 1 3 3 3 5 2 3 3 1 0 0 0 0 0 0 0 0 0 0 ]
CSI_DATA,AP,8C:4F:00:2D:7E:D4,-78,11,0,0,0,0,0,0,0,0,0,-96,0,6,1,113377272,0,84,0,0,114.038,128,[84 -64 4 0 0 0 0 0 0 0 0 0 36 -5 34 -8 32 -8 33 -7 30 -5 30 -4 27 -5 27 -5 25 -1 26 -3 28 -3 27 -3 25 -3 24 -3 24 -4 24 -4 23 -2 21 -1 20 -2 20 -2 20 0 21 -1 17 -2 20 0 21 -1 20 -3 0 0 17 -1 17 -2 18 -2 16 -4 17 -1 16 0 17 0 13 0 14 -1 13 0 13 2 10 1 11 -2 10 2 12 -1 9 1 10 1 10 -1 8 1 7 -1 6 1 6 1 3 0 3 -1 6 0 -1 -1 0 0 0 0 0 0 0 0 0 0 ]
CSI_DATA,AP,8C:4F:00:2D:7E:D4,-77,11,0,0,0,0,0,0,0,0,0,-96,0,6,1,113454243,0,84,0,0,114.076,128,[84 -64 4 0 0 0 0 0 0 0 0 0 34 6 39 5 32 6 36 6 33 7 30 9 31 9 29 6 27 9 27 5 26 6 26 7 28 8 25 6 24 6 23 6 27 5 24 2 22 5 22 5 24 7 21 3 21 1 21 5 22 0 21 3 0 0 22 1 22 2 20 5 17 2 19 0 15 -1 17 1 18 3 16 0 17 0 13 0 15 -1 16 2 14 0 14 2 13 -1 12 0 13 1 11 1 9 2 9 0 6 2 9 0 5 -1 7 0 5 -2 0 0 0 0 0 0 0 0 0 0 ]
CSI_DATA,AP,8C:4F:00:2D:7E:D4,-78,11,0,0,0,0,0,0,0,0,0,-96,0,6,1,114459408,0,84,0,0,114.85,128,[84 -64 4 0 0 0 0 0 0 0 0 0 -5 -38 -4 -36 -4 -35 -4 -35 -2 -31 -3 -32 0 -34 -1 -31 -1 -29 1 -27 -5 -26 -3 -26 -2 -26 0 -28 -1 -24 -1 -27 1 -23 -1 -20 -1 -24 0 -23 3 -17 -1 -23 -2 -22 0 -24 1 -20 -1 -20 0 0 0 -19 -2 -16 -6 -17 -1 -17 -3 -16 -6 -19 -2 -17 -1 -16 -2 -15 -2 -17 -5 -17 -3 -12 -4 -13 -4 -10 -6 -16 -5 -13 -6 -12 -7 -12 -5 -9 -6 -9 -9 -7 -6 -9 -6 -7 -7 -8 -7 -8 -8 -8 0 0 0 0 0 0 0 0 0 0 ]
CSI_DATA,AP,8C:4F:00:2D:7E:D4,-81,11,1,0,1,1,1,0,0,0,0,-96,0,6,1,114459805,0,84,0,0,114.884,384,[84 -64 4 0 0 0 0 0 0 0 0 0 -15 -11 -15 -14 -16 -12 -14 -15 -19 -14 -11 -17 -11 -11 -13 -10 -14 -11 -6 -15 -12 -14 -12 -11 -8 -12 -10 -13 -11 -10 -6 -10 -8 -10 -7 -9 -7 -11 -8 -8 -4 -11 -8 -9 -10 -6 -9 -8 -10 -9 -9 -5 0 0 -10 -5 -5 -4 -4 -9 -7 -5 -5 -7 -10 -3 -10 -6 -9 -5 -9 1 -7 -7 -2 -5 -5 -5 -8 -4 -6 -5 -7 -3 -8 -2 -7 -3 -6 -1 -5 -2 -3 2 -5 1 -2 1 -6 1 -8 4 -5 2 -8 3 0 0 0 0 0 0 0 0 0 0 ]
CSI_DATA,AP,8C:4F:00:2D:7E:D4,-81,11,1,0,1,1,1,0,0,0,0,-96,0,6,1,114460214,0,84,0,0,114.927,384,[84 -64 4 0 0 0 0 0 0 0 0 0 -22 -1 -13 -4 -28 4 -22 4 -16 -5 -19 -4 -18 -3 -18 -7 -18 -1 -17 -4 -14 -3 -14 -5 -15 -3 -14 -6 -11 -5 -13 -2 -12 -6 -13 -5 -11 -5 -12 -7 -10 -3 -10 -5 -8 -4 -14 -2 -15 0 -10 -3 0 0 -11 -2 -11 -4 -10 -1 -8 -2 -9 -3 -15 -1 -8 -2 -10 1 -4 1 -9 -7 -7 -2 -9 -2 -6 -4 -9 -3 -7 -6 -7 1 -6 0 -7 -2 -4 0 -6 1 -2 3 -6 -1 -6 0 -6 1 -8 5 -5 0 0 0 0 0 0 0 0 0 0 0 ]
CSI_DATA,AP,8C:4F:00:2D:7E:D4,-83,11,1,0,1,1,1,0,0,0,0,-96,0,6,1,114464185,0,84,0,0,114.968,384,[84 -64 4 0 0 0 0 0 0 0 0 0 -18 -16 -16 -16 -11 -14 -13 -16 -17 -16 -10 -12 -7 -14 -8 -17 -9 -15 -9 -11 -10 -14 -11 -17 -10 -16 -10 -14 -5 -15 -9 -15 -9 -13 -9 -15 -8 -12 -9 -13 -6 -9 -7 -14 -8 -9 -8 -12 -5 -11 -7 -12 0 0 -6 -11 -7 -12 -8 -9 -2 -8 -8 -11 -6 -10 -8 -3 -6 -7 -8 -6 -7 -7 -4 -6 -4 -7 -6 -4 -6 -7 -5 -8 -5 -5 -8 -6 -6 -5 -7 -4 -6 -5 -5 -3 -7 -3 -6 -3 -6 -3 -6 -2 -6 1 0 0 0 0 0 0 0 0 0 0 ]
CSI_DATA,AP,8C:4F:00:2D:7E:D4,-82,11,1,0,1,1,1,0,0,0,0,-96,0,6,1,114466610,0,84,0,0,115.012,384,[84 -64 4 0 0 0 0 0 0 0 0 0 1 20 0 19 1 19 0 20 -3 18 -3 16 -1 17 -1 12 -3 16 -1 14 0 14 -1 14 -4 13 -1 13 -2 14 -2 12 -3 13 -1 13 -4 9 -3 13 -2 12 -4 9 -1 12 -4 10 -2 11 -4 10 0 0 -3 9 -3 9 -2 13 2 7 -3 11 0 7 0 8 1 5 -1 7 -2 8 0 6 -1 6 0 6 1 7 0 5 1 6 2 6 0 5 1 6 3 4 0 5 1 4 3 5 2 4 3 1 2 3 0 0 0 0 0 0 0 0 0 0 ]
CSI_DATA,AP,8C:4F:00:2D:7E:D4,-82,11,1,0,1,1,1,0,0,0,0,-96,0,6,1,114467015,0,84,0,0,115.048,384,[84 -64 4 0 0 0 0 0 0 0 0 0 -18 -8 -17 -8 -16 -6 -16 -6 -16 -8 -15 -8 -14 -9 -12 -9 -12 -9 -13 -8 -13 -8 -13 -7 -14 -5 -15 -9 -14 -7 -12 -7 -9 -6 -10 -6 -11 -7 -12 -6 -10 -5 -11 -8 -9 -6 -10 -5 -9 -6 -10 -4 0 0 -9 -4 -12 -6 -8 -4 -12 0 -9 -2 -10 -4 -12 -7 -6 -2 -8 -2 -7 -4 -8 -3 -6 -3 -8 -3 -6 0 -6 -3 -9 1 -7 -3 -5 0 -6 0 -6 0 -5 0 -5 2 -6 1 -6 1 -5 0 -6 4 0 0 0 0 0 0 0 0 0 0 ]
CSI_DATA,AP,8C:4F:00:2D:7E:D4,-82,11,1,0,1,1,1,0,0,0,0,-96,0,6,1,114467412,0,84,0,0,115.089,384,[84 -64 4 0 0 0 0 0 0 0 0 0 12 15 8 15 10 16 11 17 7 16 7 14 8 13 7 15 5 14 6 12 9 14 8 11 9 12 8 11 6 10 7 9 7 10 5 9 7 9 5 8 8 8 7 9 6 6 5 7 10 8 6 9 0 0 7 5 6 7 8 7 9 7 5 4 7 6 5 6 5 6 5 2 7 2 5 3 8 2 6 2 7 2 6 3 6 0 5 0 5 0 6 -1 6 -1 5 -2 4 -3 3 -1 4 -3 3 -2 3 -4 0 0 0 0 0 0 0 0 0 0 ]
CSI_DATA,AP,8C:4F:00:2D:7E:D4,-82,11,1,0,1,1,1,0,0,0,0,-96,0,6,1,114467800,0,84,0,0,115.123,384,[84 -64 4 0 0 0 0 0 0 0 0 0 -5 -21 -5 -19 -4 -17 -3 -19 -4 -17 -2 -16 -4 -14 0 -17 -3 -14 -2 -13 -4 -15 -3 -15 -3 -15 -5 -14 -1 -14 -2 -16 -4 -11 -2 -14 -3 -11 -1 -12 -2 -13 -3 -12 -4 -9 -2 -13 0 -11 2 -12 0 0 -2 -10 1 -7 -6 -11 -3 -6 1 -7 -2 -8 -5 -11 -4 -9 -5 -8 -2 -8 -3 -8 -3 -6 -4 -6 -2 -4 -7 -7 -4 -6 -5 -6 -5 -4 -4 -5 -4 -4 -5 -3 -4 -2 -6 -2 -8 -4 -6 -2 -5 -2 0 0 0 0 0 0 0 0 0 0 ]
CSI_DATA,AP,8C:4F:00:2D:7E:D4,-82,11,1,0,1,1,1,0,0,0,0,-96,0,6,1,114469596,0,84,0,0,115.165,384,[84 -64 4 0 0 0 0 0 0 0 0 0 14 13 12 11 14 12 13 13 10 14 11 11 9 13 8 11 8 7 12 8 11 9 9 8 9 9 7 8 8 9 9 9 10 8 7 8 7 6 9 8 10 7 6 9 8 6 7 8 7 10 8 7 0 0 9 8 8 6 6 7 5 3 8 4 8 4 7 4 9 3 3 3 6 3 7 1 5 2 5 1 6 2 6 0 4 1 5 0 6 -2 5 0 6 -2 4 -2 5 -3 4 -2 5 -1 5 -4 4 -2 0 0 0 0 0 0 0 0 0 0 ]
